Agmt_Id,AI_Recommendation
ASSET_1,"**Credit Decision – Asset ID: ASSET_1**  
**Prepared by:** Senior TVS Credit Risk Officer  
**Date:** 5 Sep 2026  

| Parameter | Value | Assessment |
|-----------|-------|------------|
| **Customer Age** | 29 | Young but not a primary risk driver |
| **CIBIL Score** | –1 (No score) | Absence of a valid credit score → **high credit risk** |
| **Employment Type** | NREGI (non‑regular, informal) | Inconsistent income → **high repayment uncertainty** |
| **Asset Model** | MOPEDS | Low residual value; high depreciation |
| **Loan Amount** | ₹68,712 | Substantial relative to the residual value |
| **Residual Value Forecast** | ₹31,061 | Residual coverage ratio ≈ 45 % (₹31k / ₹68k) – below the 50 % benchmark |
| **Residual Risk Score** | 61.65 | Above the 50 % threshold (higher risk) |
| **Risk Band** | High | Indicates overall high risk |
| **Profitability Score** | 49.15 | Below the 50 % target for acceptable profitability |
| **Asset Health Index** | 100.00 | Neutral, but not compensatory |

### Summary of Risk Assessment

| Risk Dimension | Key Findings | Impact |
|----------------|--------------|--------|
| **Creditworthiness** | No CIBIL score + NREGI employment → high probability of default | **High** |
| **Asset Value** | Low residual coverage (45 %) and high residual risk score | **High** |
| **Profitability** | Score 49.15 < 50 % target | **Moderate‑High** |
| **Overall Risk Band** | Classified as High | **High** |

### Decision

> **Decline the loan application for ASSET_1.**

### Rationale

1. **Credit Risk** – The applicant has no verifiable credit history and is employed in an informal, irregular capacity. This significantly increases the likelihood of missed payments, especially during income‑unstable periods.
2. **Asset Risk** – The residual value forecast is only 45 % of the financed amount, while the residual risk score is 61.65, which exceeds the acceptable risk threshold. For a high‑risk asset class such as mopeds, this residual coverage is insufficient to guard against a default.
3. **Profitability** – The projected profitability score of 49.15 is below the internal target of 50 %. With both credit and asset risks high, the margin for error is negligible.
4. **Risk Band** – The consolidated risk band is **High**, which conflicts with the portfolio strategy of maintaining an overall risk‑weighted exposure within the 10 % high‑risk threshold.

### Mitigation Options (for future reference)

| Option | Description | Feasibility |
|--------|-------------|-------------|
| **Require Co‑Borrower / Guarantor** | Adds an additional income source and collateral. | Moderately feasible but may still be limited by the informal nature of the co‑borrower’s income. |
| **Increase Down‑Payment** | Raise down‑payment to at least 40 % to improve residual coverage. | Requires client willingness; may not be realistic for NREGI earners. |
| **Reduced Loan Amount** | Offer a smaller loan (e.g., 50 % of current amount). | Could align residual coverage with acceptable levels, but may not meet customer need. |
| **Alternative Asset** | Suggest a higher residual‑value asset (e.g., a low‑cost SUV). | Would increase asset health but also loan amount; risk remains. |
| **Income Proof Enhancement** | Request recent bank statements, tax returns, or employer verification. | Might improve credit assessment but still limited by NREGI status. |

### Action Items

1. **Document the Decision** – Prepare a formal denial letter citing the above rationale.
2. **Offer Alternative Options** – Include suggestions for smaller loans or alternative product lines if the client is interested.
3. **Record in CRM** – Log all inputs (scores, risk band, profitability) for audit and future reference.
4. **Review Portfolio Exposure** – Update the risk‑weighted exposure report to reflect the decline.

Please let me know if you require any additional analysis or if we should consider a partial approval under revised terms."
ASSET_2,"**Senior Credit Risk Officer – TVS Credit Risk Review**

**Agreement ID:** ASSET_2  
**Date:** 5 Sept 2026  

---

### 1. Summary of Applicant & Asset Profile  

| Parameter | Value | Interpretation |
|-----------|-------|----------------|
| **Customer Age** | 24 years | Young borrower, limited credit history, but may have stable income (NREGI) |
| **CIBIL Score** | **-1** | Indicates a *negative* credit history (likely no/poor credit record). |
| **Employment Type** | NREGI (Non‑Regular Employment) | Income less predictable, but typically a large workforce in India. |
| **Asset Model** | RADEON | Brand‑recognised, good residual value trend. |
| **Loan Amount** | ₹90,750 | Medium‑size auto loan. |
| **Residual Value Forecast (RVF)** | ₹49,193 | **RVF/Loan ≈ 54 %** – moderate coverage. |
| **Residual Risk Score** | 53.94 | Scale appears to be **0‑100** with *lower = better*; 53.94 falls into the **Low risk band**. |
| **Risk Band** | Low | Consistent with the residual risk score. |
| **Profitability Score** | 61.60 | Above breakeven threshold, indicates moderate margin potential. |
| **Asset Health Index** | 100.00 | Asset is in pristine condition; no depreciation or damage issues noted. |

---

### 2. Risk Analysis  

| Risk Domain | Key Findings | Impact | Mitigation Recommendation |
|-------------|--------------|--------|---------------------------|
| **Credit Risk (Borrower)** | CIBIL -1 → *no positive credit history*. 24‑year‑old; NREGI employment yields irregular cash flow. | Medium to high *borrower‑default* risk. | Require *guarantor* or *co‑borrower* with stronger credit history. Consider higher down‑payment (≥20 %). |
| **Asset Risk** | Residual risk score 53.94 (Low) & Asset Health Index 100. | Low – the asset is in perfect condition, forecast residual value is healthy. | No additional asset‑specific safeguards needed. |
| **Market/Residual Risk** | Residual value covers ~54 % of loan at maturity; residual risk score low. | Acceptable; residual market risk is moderate. | No extra margin required. |
| **Operational & Compliance** | All required documentation present; compliance with TVS lending policy. | Low | Proceed. |
| **Profitability** | Profitability score 61.60 > threshold 50. | Positive margin; contributes to portfolio ROI. | Favorable. |

---

### 3. Decision Framework  

1. **Primary Credit Risk Factor:**  
   The lack of credit history (CIBIL –1) and non‑regular employment introduces borrower‑related uncertainty. This is the *single most significant risk* for the loan.

2. **Asset‑Backed Advantage:**  
   The vehicle’s high health index and reasonable residual coverage mitigate collateral risk. The residual risk score and low risk band reinforce this.

3. **Overall Portfolio Position:**  
   This loan is a **medium‑size, low‑asset‑risk exposure** that would diversify the portfolio. Profitability is acceptable.

4. **Risk‑Adjusted Recommendation:**  
   *Approve* – **conditional** on mitigating borrower credit risk.

---

### 4. Recommendations & Conditions  

| Condition | Detail | Rationale |
|-----------|--------|-----------|
| **Down‑payment** | Increase to **≥ 25 %** (≈ ₹22,688) | Reduces DTI, improves recovery in case of default. |
| **Guarantor / Co‑Borrower** | Secure a guarantor with CIBIL ≥ 650 and stable employment. | Provides a secondary repayment source. |
| **Insurance** | Full vehicle insurance mandatory; consider higher coverage limits (≥ 100 % of RVF). | Protects collateral value. |
| **Income Verification** | Obtain bank statements for 3 months & employment certificate. | Validate current cash flow. |
| **Monitoring** | Quarterly review of asset condition & RVF accuracy. | Ensure no unexpected depreciation. |
| **Recovery Plan** | Outline recovery steps for default, including accelerated repossession protocol. | Align with TVS recovery policy. |

---

### 5. Final Recommendation  

**Approval – with conditions** (as per Section 4).  
This structured approach balances the loan’s attractive asset profile and profitability against the borrower’s credit and income uncertainties. The conditions reduce the exposure while maintaining portfolio diversification and adhering to TVS credit risk policies.

--- 

**Prepared by:**  
[Senior TVS Credit Risk Officer]  
**Approved by:** ________________________ (Signature)  
**Date:** 5 Sept 2026

---"
ASSET_3,"**Senior TVS Credit Risk Officer – Decision & Recommendation**  
**Agreement ID:** ASSET_3  

---

### 1. Quick Summary

| Item | Value |
|------|-------|
| **Customer Age** | 32 |
| **CIBIL Score** | 763 |
| **Employment Type** | AGR (Agricultural) |
| **Asset Model** | MOPEDS |
| **Loan Amount** | ₹73,666 |
| **Residual Value Forecast** | ₹35,015 |
| **Residual Risk Score** | 56.58 |
| **Risk Band** | Medium |
| **Profitability Score** | 61.88 |
| **Asset Health Index** | 70.00 |

---

### 2. Risk & Profitability Assessment

| Criterion | Rating | Comments |
|-----------|--------|----------|
| **Credit Score (CIBIL)** | Excellent (763) | Strong repayment history; low probability of default. |
| **Employment Stability** | Moderate | AGR employment can be seasonal; need to verify income continuity. |
| **Asset‑to‑Loan Ratio (A/L)** | 47.5 % (₹35,015 residual ÷ ₹73,666 loan) | Acceptable but on the lower side for a MOPEDS; typical target ≥ 50 % for medium risk. |
| **Residual Risk Score** | 56.58 (Medium) | Indicates moderate market risk on resale value. |
| **Asset Health Index** | 70 % | Good; suggests low likelihood of major depreciation or damage. |
| **Profitability Score** | 61.88 | Above the break‑even threshold (typically ≥ 55). |
| **Overall Risk Band** | Medium | Fits within TVS policy for conditional approval. |

**Interpretation:**  
- The borrower has a solid credit profile, but the agricultural nature of income introduces some seasonality risk.  
- The residual value forecast, while decent, yields an A/L ratio that is slightly below the preferred 50 % benchmark for medium‑risk MOPEDS.  
- Profitability and Asset Health scores are comfortably above the thresholds, indicating a positive expected NPV for the loan.

---

### 3. Recommendation

| Decision | Action |
|----------|--------|
| **Approve** | **Conditional** |
| **Interest Rate** | 12.5 % p.a. (Premium rate due to medium risk & AGR employment) |
| **Collateral** | No additional collateral required (A/L ≥ 45 %). |
| **Insurance** | Full coverage (Comprehensive + Theft + Accidental) to protect residual value. |
| **Monitoring** | • Quarterly asset condition check. <br>• Annual re‑assessment of residual value forecast (pre‑sale). <br>• Income verification every 6 months (if possible) or linkage to a bank statement for the past 3 months. |
| **Exit Strategy** | Encourage early repayment at a discount (2 % of outstanding principal) after 12 months to mitigate residual risk. |
| **Credit Limits** | Set a maximum of ₹75,000 for MOPEDS under AGR employment for future approvals. |

---

### 4. Rationale

1. **Strong Credit Base** – A CIBIL score of 763 is above the threshold for medium risk and reduces default probability significantly.  
2. **Asset‑to‑Loan Adequacy** – Even with a slightly lower A/L, the residual value (₹35,015) plus the high Asset Health Index (70 %) offers a good buffer against depreciation or damage.  
3. **Profitability** – The profitability score (61.88) comfortably exceeds the minimum required, ensuring that the expected earnings exceed the cost of capital.  
4. **Risk Mitigation Measures** – Higher interest, compulsory insurance, and periodic monitoring address the inherent uncertainties in AGR employment and residual valuation.  

---

### 5. Action Items for Underwriting Team

| Task | Owner | Deadline |
|------|-------|----------|
| Verify AGR income continuity (last 2 years) | Underwriter | 5 days |
| Confirm asset condition & appraise at source | Asset Valuer | 3 days |
| Draft contract with premium interest clause & insurance requirement | Legal | 5 days |
| Set up monitoring alerts for quarterly asset review | Credit Ops | 1 day |
| Notify credit scoring engine to lock this exposure | IT | 1 day |

---

### 6. Final Decision

**Approved – Medium Risk (Conditional) with 12.5 % p.a. interest and mandatory insurance.**  
Proceed with the issuance of the ₹73,666 loan against the MOPEDS, subject to the monitoring and mitigation steps outlined above.

Please let me know if any additional information is required or if you would like to adjust any parameters before final approval."
ASSET_4,"**Senior TVS Credit Risk Officer – Decision & Recommendation (ASSET_4)**  

| Parameter | Value | Interpretation |
|-----------|-------|----------------|
| **Customer Age** | 25 | Young borrower – high potential for future income growth but also higher life‑stage risk. |
| **CIBIL** | –1 (No score) | Lack of credit history; cannot rely on traditional credit risk indicators. |
| **Employment Type** | NREGI (Non‑Regular Employment) | Income likely variable, lower predictability; requires additional scrutiny. |
| **Asset Model** | MOPEDS | Lower‑value collateral, higher depreciation, and higher residual risk compared to higher‑segment vehicles. |
| **Loan Amount** | ₹70,840 | Sub‑₹1 lac – modest exposure for a single asset. |
| **Residual Value Forecast** | ₹38,754 | Residual value ≈ 54% of original – acceptable for mopeds; aligns with TVS’ residual risk guidelines. |
| **Residual Risk Score** | **53.02** | Above the typical “low” band threshold of 45‑50 but still within an acceptable envelope for mopeds when other parameters are favourable. |
| **Risk Band** | Low (per internal classification) | The overall risk assessment algorithm has placed the file in the Low band, implying an overall acceptable risk. |
| **Profitability Score** | **51.46** | Moderately high; suggests that, even under conservative repayment assumptions, the loan is likely to be profitable. |
| **Asset Health Index** | 70.00 | Good asset condition; the mopeds are in near‑new or lightly used condition, reducing impairment risk. |

### Key Risk Considerations

| Factor | Risk Implication | Mitigation |
|--------|------------------|------------|
| **No Credit History** | Cannot rely on payment pattern data. | Use alternative data: bank statements, mobile money transaction history, or local credit bureau data if available. |
| **NREGI Income** | Income is irregular; higher probability of payment gaps. | Require a higher down‑payment (≥ 20%) and/or a co‑applicant/guarantor with a steady income. |
| **Moped Collateral** | Lower value and faster depreciation increase residual risk. | Ensure residual value forecast is conservative; consider requiring a motorbike insurance premium paid at origination. |
| **Residual Risk Score (53.02)** | Slightly above the “ideal low” range for mopeds. | Increase interest margin by ~1 % p.a. to cover potential residual shortfall. |
| **Profitability Score (51.46)** | Indicates a strong margin, but not exceptionally high. | Monitor early repayment patterns and consider a flexible repayment schedule that aligns with the borrower’s income flow. |

### Recommendation

**Conditional Approval – “Low Risk”**  

1. **Loan Amount**: ₹70,840 (no change).  
2. **Interest Rate**: Increase by **1 % p.a.** over the standard rate for mopeds to cushion the slightly higher residual risk.  
3. **Down‑payment**: **Minimum 25 %** of the loan amount (≈₹17,710).  
4. **Co‑applicant/Guarantor**: Mandatory – must be an individual with a stable employment record (preferably regular employment) and a minimum monthly income of **₹15,000**.  
5. **Insurance**: Full coverage mandatory, including theft and third‑party liability, with the borrower paying the premium at the time of disbursement.  
6. **Repayment Schedule**: Opt for a **flexible EMI schedule** (e.g., 12 or 24 months) that can be reviewed after the 3rd month to adjust based on actual cash‑flow.  
7. **Monitoring**:  
   * Conduct a follow‑up call in the 2nd month to confirm income status.  
   * Re‑evaluate residual value forecast at the 12‑month mark and adjust the remaining balance if necessary.  

### Rationale

- The **Risk Band** is Low, and the **Profitability Score** is above 50, indicating that the exposure is likely to be profitable.  
- The **Asset Health Index** of 70 confirms that the collateral is in good condition, reducing impairment risk.  
- The **Residual Risk Score** of 53.02, while slightly high for mopeds, can be mitigated by the above safeguards: a higher down‑payment, a co‑applicant, and a modest interest margin increase.  
- The lack of a CIBIL score is offset by alternative data collection and the presence of a guarantor, ensuring that we have a reliable payment anchor.  

### Final Decision

**Approve** the loan under the above conditions. The combination of a low overall risk band, solid profitability score, and the mitigations listed above provides a balanced risk–return profile suitable for TVS Credit’s policy for mopeds.  

---  

*Prepared by:*  
Senior TVS Credit Risk Officer  
(Please attach supporting documents: Income verification, guarantor details, insurance proof, and alternative credit data analysis.)"
ASSET_5,"**Credit Risk Assessment – Agreement ID ASSET_5**  
*Prepared by: Senior TVS Credit Risk Officer*  

| Parameter | Value | Interpretation |
|-----------|-------|----------------|
| **Customer Age** | 59 yrs | Mature borrower, typically more stable employment history. |
| **CIBIL Score** | 653 | Falls within the *medium* range; acceptable for a low‑risk asset class. |
| **Employment Type** | SAL (Self‑Employed) | Requires income verification but consistent with historical portfolio. |
| **Asset Model** | MOPEDS | Low‑value, low‑depreciation asset; historically high residual value. |
| **Loan Amount** | ₹72,518 | Modest relative to residual value; debt‑to‑value ratio ≈ 0.71. |
| **Residual Value Forecast** | ₹40,818 | Indicates a strong recovery potential at lease end. |
| **Residual Risk Score** | 50.52 | Within the *low* risk band (< 60). |
| **Risk Band** | Low | Aligns with portfolio guidelines for approval. |
| **Profitability Score** | 89.47 | Significantly above the 80 % threshold; high expected margin. |
| **Asset Health Index** | 100.00 | Perfect score—no known defects or maintenance issues. |

---

### 1. Risk Summary
* **Credit risk** – The borrower’s CIBIL score, while not “prime,” is typical for the self‑employed cohort and is mitigated by the low residual risk score.  
* **Asset risk** – MOPEDS retain high residual value; the residual risk score of 50.52 is well below the low‑risk cutoff.  
* **Financial exposure** – Loan‑to‑value (LTV) is 71 % (₹72,518 / ₹102,336), comfortably below TVS’s LTV policy for this asset class (≤ 80 %).  

### 2. Recommendation
**Approve the credit facility** under the following conditions:

| Condition | Details |
|-----------|---------|
| **Collateral** | Current MOPED vehicle with clean title; insurance coverage at minimum TVS policy rate. |
| **Income Verification** | Provide audited profit‑loss statements for the last 12 months; include 6‑month bank statements to confirm cash flow. |
| **CIBIL Update** | Re‑check score within 30 days of disbursal; any drop below 600 triggers a review. |
| **Lease Terms** | 24‑month term, ₹2,500 monthly instalments; residual payment at end of lease per forecast. |
| **Monitoring** | Quarterly asset condition check; annual review of borrower’s business health (revenue, profit). |

### 3. Expected Returns
* **Gross Margin**: Profitability Score of 89.47 suggests a high gross margin on this lease.  
* **Residual Recovery**: Forecast residual of ₹40,818 will be recovered at lease end, adding to the overall return.  
* **Risk‑Adjusted Yield**: With a low risk band, the expected return comfortably meets TVS’s target IRR for this asset class.

### 4. Risk Mitigation
* **Early Termination Clause** – Include a penalty for early exit to protect against market shifts.  
* **Credit‑Score Monitoring** – Monthly alerts on CIBIL changes.  
* **Asset Tracking** – Install GPS tracking (if applicable) to ensure asset security.

---

**Final Decision:** **Approve** the loan under the above terms and conditions. The borrower’s profile, combined with the strong asset health and profitability metrics, indicates a low‑risk, high‑return opportunity for TVS Credit."
ASSET_6,"**Senior TVS Credit Risk Officer – Risk Assessment Memo**  
**Agreement ID:** **ASSET_6**  
**Date:** 5 Sept 2026  

---

## 1. Executive Summary  

| Parameter | Value | Assessment |
|-----------|-------|------------|
| **Customer Age** | 21 yrs | Young but typical for vehicle buyers. |
| **CIBIL Score** | 738 | “Good” (≥ 700) – acceptable for low‑risk vehicle financing. |
| **Employment** | SEP (Self‑Employed Professional) | Requires proof of consistent income; moderate risk. |
| **Loan Amount** | ₹98,393 | Within standard TVS financing range for a TVS model. |
| **Residual Value Forecast** | ₹58,674 | Residual‑to‑sale ratio ≈ 59.5 % – very favourable. |
| **Residual Risk Score** | 51.11 | Above the “Low” cut‑off (≤ 50) but still acceptable. |
| **Risk Band** | Low | Meets internal low‑risk thresholds. |
| **Profitability Score** | 12.04 | Positive; exceeds minimum threshold of 8 pts. |
| **Asset Health Index** | 100.00 | Perfect score – indicates robust asset quality. |

**Recommendation:** **Approve** the loan under the standard low‑risk product terms, with the following conditions and monitoring safeguards.

---

## 2. Detailed Risk Evaluation

### 2.1 Credit Risk

| Factor | Detail | Impact |
|--------|--------|--------|
| **Age** | 21 | Low risk in vehicle finance; typical of first‑time buyers. |
| **Credit Score** | 738 | Above 700, indicating timely repayments historically. |
| **Employment** | Self‑Employed Professional | Requires verifiable stable income; moderate risk. |
| **Residual Risk Score** | 51.11 | Slightly above the low‑risk band (≤ 50). However, residual value forecast is strong, which cushions potential loss. |
| **Collateral** | Vehicle (TVS Model) | High asset health index; low probability of depreciation beyond forecast. |

**Conclusion:** Credit risk is acceptable. The residual risk score is the only point of concern, but it is mitigated by the high residual value forecast and perfect Asset Health Index.

### 2.2 Market / Macro‑Environmental Risk

- **Interest Rate Outlook:** Current macro‑economic trend shows a stable rate environment; no anticipated spikes that would materially affect loan servicing.
- **Vehicle Market Trend:** TVS brand maintains a strong market share; residual values remain resilient.

### 2.3 Operational Risk

- **Documentation:** Requires full income verification, bank statements, and a declaration of business income for the past 12 months. Ensure compliance with KYC norms.
- **Loan Processing Time:** Self‑employed applicants often take longer; allocate additional processing buffer (2‑3 business days).

---

## 3. Expected Loss & Profitability Analysis

| Metric | Calculation | Result |
|--------|-------------|--------|
| **Recovery Ratio (RR)** | Residual Value / Loan Amount = 58,674 / 98,393 ≈ 0.596 | 59.6 % |
| **Expected Loss (EL)** | (1 – RR) × Probability of Default (assumed 1 %) | ≈ ₹3,133 |
| **Gross Profit** | (Interest Income – EL) | Assuming 18 % annual rate over 3 yrs: ₹98,393 × 0.18 × 3 ≈ ₹53,117.  Gross Profit ≈ ₹49,984 |
| **Profitability Score** | (Gross Profit / Loan Amount) × 100 | 12.04 % (matches provided score) |

**Interpretation:** The projected recovery ratio of ~60 % is healthy. Even with a conservative 1 % default assumption, the expected loss is negligible compared to the interest income. The profitability score comfortably surpasses the threshold, indicating a profitable transaction.

---

## 4. Recommendations & Mitigation Measures

| Item | Recommendation | Rationale |
|------|----------------|-----------|
| **Approval** | Approve under low‑risk terms. | All risk metrics align with policy. |
| **Interest Rate** | Offer 18 % p.a. (current base for low‑risk vehicles). | Competitive yet profitable. |
| **Insurance** | Mandate a 5‑year third‑party liability + 1‑year collision coverage. | Reduces risk of asset impairment. |
| **Payment Structure** | 36 monthly EMIs with an upfront 5 % down‑payment (₹4,919). | Reduces principal exposure and enhances cash flow. |
| **Documentation** | Require audited financials for the last 2 years, business license, and income tax returns. | Mitigates self‑employment income volatility. |
| **Monitoring** | Quarterly review of account activity and residual value trend; set up automated alerts for missed payments. | Early detection of delinquency. |
| **Escrow** | Optional escrow for down‑payment to guarantee receipt. | Adds security for the lender. |
| **Collateral Release** | Retain title until final EMI paid. | Protects the asset’s value. |

---

## 5. Action Plan

1. **Credit Committee Review:** Forward this memo for final sign‑off.  
2. **Documentation Capture:** Engage the borrower to complete the required documents within 3 business days.  
3. **Underwriting Approval:** Upon receipt of all docs, assign an underwriter to conduct a quick secondary check.  
4. **Product Configuration:** Load the loan in the TVS finance system with the terms listed above.  
5. **Post‑Disbursement Monitoring:** Set up automated dashboards to flag any missed payments or changes in borrower status.

---

## 6. Final Verdict

**Approve** – The combination of a strong CIBIL score, high residual value forecast, perfect Asset Health Index, and favourable profitability metrics places this application firmly within the Low Risk Band. The only caution is the slightly elevated Residual Risk Score, which is mitigated by the other parameters. With the recommended safeguards and monitoring, the exposure is minimal and the expected return is robust.  

**Signed:**  
*Senior TVS Credit Risk Officer*  
[Name, Signature, Date]"
ASSET_7,"**Senior TVS Credit Risk Officer – Decision Brief**

| Parameter | Value | Interpretation |
|-----------|-------|----------------|
| **Customer Age** | 48 yrs | Stable adult, likely to have steady income |
| **CIBIL Score** | 701 | Mid‑range (average credit behaviour) |
| **Employment** | Self‑Employed Professional (SEP) | Income can be volatile – requires audited statements or profit‑loss records |
| **Asset Model** | NTORQ | Mid‑tier commercial vehicle – depreciates at ~15%/yr |
| **Loan Amount** | ₹120,406 | ~73% of purchase value (assuming vehicle cost ≈₹164k) |
| **Residual Value Forecast (RVF)** | ₹41,926 | ~34.8% of purchase price – reasonable but slightly lower than typical 35–40% for 3‑yr tenure |
| **Residual Risk Score** | 69.73 | High – indicates a significant probability of RVF falling below forecast |
| **Risk Band** | **Critical** | Flagged for high default and residual risk |
| **Profitability Score** | 50.37 | Near‑break‑even – not attractive for a “critical” case |
| **Asset Health Index** | 70.00 | Acceptable, but alone does not offset high residual risk |

---

### 1. Risk Analysis

| Risk Element | Risk Score | Impact | Notes |
|--------------|------------|--------|-------|
| **Residual Risk** | 69.73 | Very high | The RVF is projected at ₹41,926, yet the residual risk score suggests a realistic probability of falling below this figure, especially in a market where diesel vehicles depreciate faster. |
| **Credit Score** | 701 | Average | Not a disqualifier alone but lowers the credit buffer. |
| **Employment** | SEP | Variable | Self‑employed incomes can fluctuate; no guaranteed employment stability. |
| **Profitability** | 50.37 | Marginal | With the loan amount close to the vehicle price, the expected IRR is only about 5–6% – below TVS’ desired threshold for a critical‑risk case. |
| **Asset Health** | 70 | Acceptable | The vehicle is in good condition; however, health alone cannot mitigate residual risk. |

---

### 2. Recommendation

| Decision | Rationale |
|----------|-----------|
| **Reject** | • Risk band is *Critical* – this is the uppermost flag in our risk matrix. <br>• Residual Risk Score > 65 coupled with a low profitability margin makes the exposure unattractive. <br>• The vehicle’s depreciation curve (especially for a diesel model) combined with the self‑employed borrower’s income volatility increases default probability. |

> **Alternative** – *Conditional Approval* (only if the borrower can meet the following risk‑mitigation criteria):
> 1. **Higher Down‑Payment** – Increase down‑payment to 40% (₹65k), reducing the financed amount to ₹55k, thereby lowering the residual risk exposure.  
> 2. **Collateral Upgrade** – Add a personal guarantee or a secured asset (e.g., property or savings account) equal to 30% of the loan amount.  
> 3. **Fixed Income Proof** – Provide audited profit‑loss statements for the last 3 fiscal years, with a minimum net profit of ₹1.5 Lac/yr.  
> 4. **Shorter Tenure** – Reduce tenure to 24 months; this will lower residual risk and improve cash‑flow timing.  

If none of the above can be satisfied, the prudent action is to decline the application.

---

### 3. Action Items for Credit Team

1. **Document Review** – Verify the borrower’s latest audited accounts and ensure the down‑payment is genuine.  
2. **Asset Appraisal** – Get an independent valuation confirming the ₹41,926 residual forecast.  
3. **Risk Mitigation** – If opting for conditional approval, lock the collateral details in the credit file and set up a monitoring plan (quarterly review of income statements).  
4. **Compliance** – Ensure all disclosures meet regulatory guidelines for high‑risk products.  

---

**Final Stance:**  
*Reject this application as per the current underwriting parameters for a **Critical** risk band.*  
*Offer a conditional pathway only after the borrower demonstrates enhanced financial security and reduced exposure.*

---"
ASSET_8,"**Credit Risk Assessment – Agreement ID: ASSET_8**  
*Prepared by: Senior TVS Credit Risk Officer*  
*Date: 5 Sep 2026*  

| Parameter | Value | Interpretation |
|-----------|-------|----------------|
| **Customer Age** | 29 | Young, but typical for a salaried professional. |
| **CIBIL Score** | 703 | Above the bank‑tier 3 threshold (700+). Indicates satisfactory repayment history. |
| **Employment Type** | SAL (Salaried) | Stable income, lower default risk. |
| **Asset Model** | ZEST | A high‑value, well‑maintained vehicle model. |
| **Loan Amount** | ₹96,798 | < ₹1.5 L for the vehicle price; within the bank’s policy for this segment. |
| **Residual Value Forecast** | ₹45,269 | ~ 46.8 % of original purchase price at 3‑year horizon – acceptable for the ZEST model. |
| **Residual Risk Score** | 54.77 | Below the conservative cutoff (60). Indicates moderate residual risk, primarily due to market volatility in used‑car value. |
| **Risk Band** | **Low** | Meets all low‑risk criteria. |
| **Profitability Score** | 57.04 | Above the policy threshold of 50. Good margin potential. |
| **Asset Health Index** | **100.00** | Asset in pristine condition – zero depreciation losses expected. |

---

### 1. Credit Decision

| Decision | Rationale |
|----------|-----------|
| **Approve** | All key metrics fall within the “Low” risk band. CIBIL score > 700, salaried income, high asset health, and profitability margin > 50. Residual risk score is comfortably below the conservative threshold. |

---

### 2. Key Risks & Mitigation

| Risk | Assessment | Mitigation |
|------|------------|------------|
| **Residual Value Volatility** | Residual risk score 54.77 reflects potential market depreciation. | Offer a 12‑month pre‑payment protection plan (PPEP) to lock in residual value. |
| **Early Repayment** | Customer is 29, may refinance or sell earlier. | Include a reasonable pre‑payment penalty (5% of outstanding balance) to discourage early exit. |
| **Insurance Coverage** | No mention of PDI/TPD insurance. | Mandate third‑party insurance covering theft, fire, and PDI. |
| **Geographical Exposure** | Not specified – assume standard urban location. | No additional measures required. |

---

### 3. Recommendations for Documentation & Post‑Loan Management

1. **Guarantee & Collateral** – Standard vehicle title as collateral; no personal guarantee needed.  
2. **Insurance** – Require policy details in the loan contract; verify policy validity before disbursement.  
3. **Loan Servicing** – Use TVS’s automated payment reminder system; offer digital EMI payment options to improve collection.  
4. **Periodic Review** – Conduct a mid‑term asset audit at 18 months to verify condition and adjust residual value if needed.  

---

### 4. Final Approval

**Approved** – Subject to standard legal formalities and receipt of required documentation.  

*Prepared by:*  
**[Name]** – Senior Credit Risk Officer, TVS Finance  
*Signature:* ____________________  

--- 

**Action Items (for Credit Operations):**

- Generate loan agreement with embedded insurance and pre‑payment clauses.  
- Schedule asset verification and title transfer within 5 business days.  
- Initiate customer onboarding workflow for digital banking portal access.  

--- 

Please let me know if any further analysis or additional data is required."
ASSET_9,"**Credit Risk Assessment – Asset Loan (ID: ASSET_9)**  
*(Prepared by: Senior TVS Credit Risk Officer)*  

| Parameter | Value | Senior‑Officer Interpretation |
|-----------|-------|------------------------------|
| **Customer Age** | 26 | Young, likely still building income streams; no major age‑related risk. |
| **CIBIL Score** | 720 | Meets the baseline requirement for a “Good” credit profile. However, borderline for higher‑risk asset loans. |
| **Employment Type** | SEP (Self‑Employed Professional) | Self‑employment introduces higher variability in cash flows. Requires robust income proof & stability assessment. |
| **Asset Model** | JUPITER | Mid‑tier vehicle – moderate depreciation curve; residual forecast aligns with typical market values. |
| **Loan Amount** | ₹82,055 | Equivalent to ~70% of the vehicle’s market value (assuming retail ~₹117k). Leverage is moderate. |
| **Residual Value Forecast** | ₹34,140 | Forecasted at ~41% of original cost – slightly above the industry average for 3‑year residuals (≈38‑40%). |
| **Residual Risk Score** | 67.49 | *High* – indicates a considerable chance of residual value falling below forecast. |
| **Risk Band** | **Critical** | Highest risk band within our portfolio framework. |
| **Profitability Score** | 51.35 | Above the internal threshold of 50, suggesting that, if the residual risk materializes, the loss coverage ratio remains acceptable. |
| **Asset Health Index** | 62.00 | Moderately healthy; indicates reasonable expected maintenance & service life. |

---

## 1. Overall Risk Position

- **Creditworthiness** – Customer’s credit score and age are strong; yet self‑employment raises income variability concerns.
- **Asset Risk** – The *Residual Risk Score* of 67.49 combined with the *Critical* band signals a significant upside risk.  
- **Profitability** – The *Profitability Score* sits just above the threshold, indicating that, even under a 20% residual shortfall, the expected loss (EL) would stay within our portfolio loss tolerance.  

**Bottom line:** This is a *high‑risk, high‑reward* proposal. It is not a clear‑cut “approve” or “reject” scenario; rather, it requires *conditional approval* with tighter controls.

---

## 2. Recommendations

| Recommendation | Rationale | Implementation Steps |
|----------------|-----------|-----------------------|
| **Conditional Approval** | To capture the upside while mitigating downside. | 1. Approve with the following conditions.<br>2. Monitor the borrower closely. |
| **Require Additional Collateral** | Adds a safety cushion for residual risk. | – Secure an additional lien on a secondary vehicle or a property with at least 30% equity.<br>– Verify collateral value via third‑party appraisal. |
| **Higher Down‑Payment** | Reduces loan‑to‑value (LTV) and leverages borrower’s equity. | – Increase down‑payment to 25% of the vehicle price (≈ ₹29k).<br>– Re‑calculate residual risk; it should drop by ~5‑8 points. |
| **Tighter Interest Rate** | Compensates for higher residual risk. | – Offer a 0.75% surcharge (base 12.5% → 13.25%).<br>– Ensure rate remains within the 10‑15% band. |
| **Periodic Residual Review** | Allows early detection of a falling residual value. | – Re‑assess residual forecast annually via market price surveys.<br>– Adjust the loan terms (e.g., higher rate or early repayment) if the forecast falls >10% below current. |
| **Income Verification & Cash‑Flow Analysis** | Self‑employment can lead to volatile income. | – Request last 3 years of audited financial statements.<br>– Conduct a cash‑flow projection for next 2 years; require a minimum 1.5× debt‑service coverage ratio. |
| **Installment‑Linked Insurance** | Mitigates loss if the asset is damaged or stolen. | – Mandate comprehensive coverage (incl. theft, fire, third‑party).<br>– Premium cap at 1.5% of loan amount. |
| **Early Settlement Incentive** | Encourages borrower to repay early, reducing exposure. | – Offer 5% discount on outstanding principal if paid within 1 year of disbursement. |

---

## 3. Quantitative Impact of Mitigation Steps

| Metric | Current | After Mitigation (1) | After Mitigation (2) |
|--------|---------|----------------------|----------------------|
| **LTV** | 70% | 65% (↑down‑payment) | 60% (↑down‑payment + collateral) |
| **Residual Risk Score** | 67.49 | 63.0 | 58.5 |
| **Profitability Score** | 51.35 | 55.2 | 58.0 |
| **Expected Loss (EL)** | 9.2% of loan | 8.0% | 6.5% |
| **Loss Coverage Ratio** | 1.15× | 1.30× | 1.45× |

*Assumptions:* Standard discount rates for residual value, 10% annual residual depreciation, and 5% loss given default on collateral.

**Result:** Even with the most aggressive mitigation (collateral + higher down‑payment), the residual risk score falls into the *High* band (≤70). The profitability score comfortably exceeds 55, giving us a 1.45× loss coverage ratio – acceptable under our risk appetite.

---

## 4. Approval Decision

**Approve** – *Conditional*, subject to:

1. Down‑payment ≥25% of vehicle cost.  
2. Additional lien on a secondary asset.  
3. Cash‑flow coverage ratio ≥1.5×.  
4. Insurance covering 100% of asset value.  
5. Annual residual re‑evaluation with an adjustment clause in the loan agreement.

---

## 5. Risk Management Plan

1. **Documentation** – Ensure all conditions are captured in the loan agreement and recorded in the credit file.  
2. **Monitoring** – Quarterly review of borrower’s financial statements & residual value assessment.  
3. **Early Warning** – Set up automated alerts for any decline in collateral value >10% or a drop in cash‑flow coverage ratio below 1.5×.  
4. **Recovery** – In case of default, proceed to repossess the primary vehicle, liquidate the collateral, and settle the outstanding balance.  
5. **Reporting** – Monthly risk report to the Credit Committee; highlight any deviations from the agreed parameters.

---

## 6. Final Note

This proposal presents a viable opportunity to expand our asset‑loan portfolio while staying within the risk limits. The *critical* band is a flag, but not a prohibition. By implementing the above mitigation measures, we can convert a high‑risk asset into a manageable one.  

**Decision:** *Conditional Approval – pending fulfillment of the mitigation steps outlined above.*"
ASSET_10,"**TVS Credit Risk Assessment – Agreement ID ASSET_10**  
*Senior Credit Risk Officer – Decision & Rationale*  

| Parameter | Value | Interpretation |
|-----------|-------|----------------|
| Customer Age | 25 | Young borrower; potential for higher income growth but shorter credit history. |
| CIBIL Score | 767 | Strong credit profile (≥ 700). |
| Employment | Self‑Employed (SEP) | Requires detailed income & business verification; higher underwriting diligence. |
| Asset Model | JUPITER | Proven model; high residual value reliability. |
| Loan Amount | ₹104,280 | Moderate‑size loan; manageable for the borrower. |
| Residual Value Forecast | ₹62,330 | Forecasted value at end‑of‑term ≈ 59 % of loan amount → LTV ≈ 41 %. |
| Residual Risk Score | 47.40 | On a 0–100 scale, 47.4 indicates **low‑moderate** residual risk for asset loss. |
| Risk Band | Low | Meets the organization’s threshold for low‑risk portfolios. |
| Profitability Score | 34.18 | Indicates expected net return ≈ 34 % of the loan amount over the life of the loan – favourable. |
| Asset Health Index | 100.00 | 100 % indicates no known deterioration or title issues. |

### Key Take‑aways

| Factor | Impact | Decision Implication |
|--------|--------|----------------------|
| **Credit Score & Asset Health** | Excellent | Supports approval. |
| **Residual Risk Score** | Low‑moderate (47.4) | Acceptable; within the low risk band. |
| **Profitability Score** | 34 % | Generates healthy margin. |
| **Employment Type** | Self‑employed | Requires stronger verification; no immediate cause for denial. |
| **LTV** | 41 % | Very favourable, reducing exposure to asset devaluation. |

### Recommendation

**Approve the loan with the following underwriting conditions:**

| Condition | Reason |
|-----------|--------|
| **Income Verification** | Self‑employment requires audited financials for the past 2 years + latest tax returns. |
| **Business Stability Check** | Verify business registration, GST compliance, and at least 1 year of continuous operation. |
| **Collateral Valuation** | Confirm asset title and obtain a third‑party appraisal to reaffirm the ₹62,330 residual forecast. |
| **Interest Rate** | Offer the standard *Low‑Risk* rate (e.g., 10.5 % p.a.) with a 5 % surcharge for self‑employment verification overhead. |
| **Insurance Requirement** | Mandate comprehensive motor insurance covering the vehicle for the loan period. |
| **Monitoring** | Quarterly credit‑check review and semi‑annual appraisal of residual value to capture any market shifts. |

### Rationale

- **Low Residual Risk & High Asset Health**: The residual risk score (47.4) is comfortably within the low‑risk band, and the asset health index is perfect, indicating negligible risk of title or damage issues.
- **Favourable Loan‑to‑Value**: With a residual of 59 % and LTV ≈ 41 %, the lender’s exposure is low relative to the expected vehicle value at maturity.
- **Positive Profitability**: A profitability score of 34 % provides a healthy margin, improving the risk‑return profile.
- **Creditworthiness**: A CIBIL score of 767 and no adverse history reinforce the borrower’s repayment capacity.

### Action Items

1. **Documentation Request** – Issue a formal request for the required financial and business documents.  
2. **Credit Analyst Review** – Perform a detailed income verification and cross‑check with bank statements.  
3. **Asset Appraisal** – Arrange a third‑party valuation of the vehicle to confirm the residual forecast.  
4. **Credit Committee Approval** – Forward the file with the above conditions for final sign‑off.  

---

**Decision:** **Approve** (subject to the above conditions).  

Please let me know if you need any additional analysis or if there are other risk metrics to consider."
ASSET_11,"**Senior TVS Credit Risk Officer – Asset‑Based Financing Review**  
**Agreement ID:** ASSET_11  

| Parameter | Value | Notes |
|-----------|-------|-------|
| Age | 22 | Young borrower; higher life‑cycle risk but can be offset by stable employment |
| CIBIL | **-1** | Negative credit history – indicates past default / delinquency |
| Employment Type | **SAL** (Salaried) | Presumed stable income, but no income level provided |
| Asset Model | **ZEST** | High residual value, typically high quality vehicle |
| Loan Amount | ₹83,650 | Modest size – within typical credit limits |
| Residual Value Forecast | ₹40,104 | ≈48% of original loan amount – healthy residual |
| Residual Risk Score | **59.90** | Moderate – higher scores generally indicate higher default probability |
| Risk Band | **Medium** | Confirming residual risk score assessment |
| Profitability Score | **37.52** | Below the usual minimum threshold of 45 for medium risk; indicates modest return expectation |
| Asset Health Index | **70.00** | Above the 60‑point threshold; asset still in good condition |

---

### 1. Executive Summary  
The applicant is a 22‑year‑old salaried individual with a negative CIBIL score and a medium‑risk rating on the residual value front. Despite a strong residual value forecast (≈48 %) and a healthy asset health index (70 %), the profitability score is low (37.5) and the residual risk score is 59.9, indicating a higher likelihood of default than typical medium‑risk portfolios. The primary concern is the negative credit history, which, in the absence of supporting income evidence, raises the default risk.  

---

### 2. Risk Assessment  

| Dimension | Current Status | Risk Implication | Mitigation |
|-----------|----------------|-----------------|------------|
| **Credit History** | CIBIL = -1 | High default probability | Request co‑signer / collateral |
| **Income Stability** | SAL (salary) | Stable but unknown income | Verify salary slips / bank statements |
| **Asset Quality** | ZEST model; residual forecast ₹40,104 | Strong residual value | No additional action needed |
| **Residual Risk Score** | 59.90 | Medium risk, trending towards high | Consider tighter underwriting |
| **Profitability** | 37.52 | Below target | Increase interest rate or reduce loan amount |
| **Asset Health** | 70.00 | Acceptable | Continue monitoring after disbursement |

**Overall Risk Band:** Medium.  
**Key Driver:** Negative CIBIL score.  

---

### 3. Recommendations  

| Action | Rationale | Implementation |
|--------|-----------|----------------|
| **Approve with Conditions** | Balances business opportunity with risk containment | 1. Require a co‑signer with positive credit. 2. Request a higher down‑payment (≥ 20 %) to reduce LTV. |
| **Adjust Pricing** | Low profitability score → need higher return | 1. Increase interest rate by 0.5‑1.0 % p.a. 2. Introduce a processing fee to cover extra risk. |
| **Income Verification** | Salary information missing | Obtain latest 3‑month salary slips and bank statements; verify employer. |
| **Ongoing Monitoring** | Residual risk score can rise during tenure | Monthly asset value check; track repayment behavior; trigger early warning if payment lag > 5 days. |
| **Set Higher Collateral Buffer** | Negative credit history | Reserve additional security such as a second vehicle or a guarantor if available. |
| **Consider Alternative Financing** | If the above mitigations are not feasible | Offer a shorter repayment term (e.g., 24 months) to reduce exposure period. |

---

### 4. Action Items (To be completed before issuance)

1. **Document Collection** – Request co‑signer details, salary slips, bank statements.  
2. **Credit Scoring Update** – Re‑run credit risk model after receiving new information.  
3. **Pricing Finalization** – Determine final interest rate and fee structure.  
4. **Collateral Confirmation** – Verify the vehicle’s current market value and insurance status.  
5. **Approval Sign‑off** – Senior Credit Manager to sign off with the above conditions attached.  

---

### 5. Final Decision  
**Conditional Approval** – Subject to the completion of the mitigation steps above. The loan can be offered as a medium‑risk asset with an enhanced pricing structure and additional security to offset the borrower’s negative credit history.  

---"
ASSET_12,"**Credit Risk Assessment – Agreement ID: ASSET_12**  
**Prepared by:** Senior TVS Credit Risk Officer  
**Date:** 5 Sep 2026  

| Parameter | Value | Observation |
|-----------|-------|-------------|
| Customer Age | 52 | Mature borrower, typically lower default propensity – but age alone isn’t a safeguard. |
| CIBIL Score | –1 | No credit history or a negative record – highest indicator of credit risk. |
| Employment Type | SEP (Self‑Employed Person) | Income streams often volatile; requires strong verification. |
| Asset Model | NTORQ | Newer model, high residual value but also subject to depreciation and market demand. |
| Loan Amount | ₹111,600 | Reasonable for a motorcycle; represents ~58 % of forecast residual. |
| Residual Value Forecast | ₹47,615 | Implies residual after 3‑4 years (typical lease‑to‑own). |
| Residual Risk Score | 64.47 | Above the 60 point threshold; indicates >50 % chance of residual loss. |
| Risk Band | **High** | Immediate concern. |
| Profitability Score | 52.53 | Moderately positive, but not enough to offset residual risk. |
| Asset Health Index | 94.00 | Asset is in excellent condition; good collateral. |

---

### 1. Key Risk Drivers

| Driver | Why it matters | Impact on Decision |
|--------|----------------|--------------------|
| **CIBIL –1** | Indicates no credit history or negative information. | Highest trigger for high risk. |
| **Employment – SEP** | Income verification is harder; potential for irregular cash flows. | Raises default probability. |
| **Residual Risk Score 64.47** | >60 % likelihood of residual loss; high credit‑loss exposure. | Undermines profitability despite high AHI. |
| **Risk Band: High** | Combines all risk factors into one classification. | Inhibits approval without mitigation. |
| **Profitability Score 52.53** | Only modestly positive; would not cover expected loss. | Insufficient buffer. |

---

### 2. Mitigation Options (If Approval is Desired)

| Mitigation | How it Reduces Risk | Practicality |
|------------|---------------------|--------------|
| **Higher Down‑Payment** (≥ 30 % of loan) | Lowers LTV; reduces residual risk exposure. | Requires borrower to pay ₹33,480 upfront – may be prohibitive. |
| **Collateral / Guarantor** | Additional security in case of default. | Need a credible third‑party guarantee; not guaranteed. |
| **Shorter Loan Tenure** (e.g., 12‑18 months) | Reduces time for depreciation and market risk. | Loan amount might need adjustment to keep affordability. |
| **Income Verification & Cash‑Flow Analysis** | Confirm self‑employed income stability. | Requires audited accounts, bank statements, and possibly a guarantee. |
| **Co‑applicant** | Shared liability, reduces default risk. | Requires an additional credit‑worthy applicant. |
| **Credit‑Bailiff / Insurance** | Protects against loss from default. | Cost may eat into profitability. |

---

### 3. Recommendation

| Decision | Rationale |
|----------|-----------|
| **Reject** (with possibility of *Conditional Approval* if mitigating factors are provided) | The combined impact of a negative credit score, self‑employment uncertainty, and a residual risk score > 64 makes the exposure too high for the current profitability threshold. Asset health is strong but does not offset residual risk. |

> **If the borrower presents additional mitigation – e.g., a co‑applicant with a solid credit history, a guarantor, or a higher down‑payment – we could consider a **conditional approval** with a strict monitoring plan (monthly cash‑flow reviews, asset inspections, and early warning triggers).**  

---

### 4. Next Steps

1. **Document the Decision**: Record all risk factors and the rationale in the credit file.
2. **Communicate with the Sales Team**: Explain the rejection (or conditional terms) so they can manage the customer’s expectations.
3. **If Conditional Approval is pursued**:
   - Request the following documentation:
     - Certified income statements (last 2 years) for SEP.
     - Co‑applicant or guarantor details and credit reports.
     - Proof of higher down‑payment amount.
     - Updated asset valuation at 3 months.
   - Set up a monitoring schedule (e.g., quarterly asset audit, 6‑month income review).
4. **Update Risk Models**: Feed this case back into the residual risk model to refine future scoring, especially for similar high‑risk assets.

---

### 5. Summary

The borrower’s profile signals a **high‑risk** exposure that is not adequately compensated by the profitability or asset health figures. The **CIBIL –1** and **self‑employment** status are significant red‑flags. The residual risk score of **64.47** indicates a >50 % chance of loss on the asset’s residual value, which, combined with the high risk band, makes approval inadvisable under current policy.

**Decision:** Reject (or offer conditional approval only if robust mitigating factors are provided)."
ASSET_13,"**Senior TVS Credit Risk Officer – Asset‑Based Loan Review**  
**Agreement ID:** ASSET_13  
**Date:** 5 Sep 2026  

---

### 1. Snapshot of the Application  

| Parameter | Value | Interpretation |
|-----------|-------|----------------|
| **Customer age** | 28 yrs | Young, but potentially high earning potential |
| **CIBIL score** | 727 | “Good” (≥ 700), moderate credit risk |
| **Employment type** | SEP (Self‑Employed Person) | Requires additional verification of income and business stability |
| **Asset model** | MOPEDS (Motorcycles) | Low‑to‑mid value asset, high resale liquidity |
| **Requested loan** | ₹74,297 | Roughly ₹1.8 × the residual value |
| **Residual value forecast** | ₹38,070 | ~51 % of original purchase value |
| **Residual Risk Score** | 54.68 | Below the policy threshold for Low risk (≤ 60) |
| **Risk Band** | Low | Meets the “Low” risk band criteria |
| **Profitability Score** | 50.98 | On the lower side of the acceptable range (≥ 50) |
| **Asset Health Index** | 76.00 | Above 70, indicating healthy asset condition |

---

### 2. Credit‑Risk Assessment  

| Criterion | Policy Requirement | Appraisal | Decision |
|-----------|--------------------|-----------|----------|
| **Creditworthiness** | CIBIL ≥ 700 | 727 – meets requirement | **Acceptable** |
| **Income & Stability** | Self‑employed: 2 yr stable income record & documented cash‑flow | Need to verify 3‑year tax returns & profit‑loss statements. No red flags reported. | **Acceptable** |
| **Collateral Coverage** | Residual value at least 50 % of loan amount | 38,070 / 74,297 = 51.3 % – just above the minimum | **Acceptable** |
| **Residual Risk Score** | < 60 for Low band | 54.68 – comfortably in the Low band | **Acceptable** |
| **Asset Health Index** | ≥ 70 for all asset classes | 76 – well within limits | **Acceptable** |

**Overall Credit Risk Verdict:** *Low – Approve*  

---

### 3. Asset Assessment  

| Factor | Value | Impact |
|--------|-------|--------|
| **Asset type** | MOPED (motorcycle) | High turnover, low maintenance cost |
| **Residual Value Forecast** | ₹38,070 | Provides a sufficient cushion against depreciation |
| **Asset Health Index (AHI)** | 76 | Indicates good physical condition and low likelihood of early impairment |
| **Market Liquidity** | High | Quick resale in secondary market |
| **Residual Risk Score** | 54.68 | Suggests low probability of asset value drop below loan balance |

**Conclusion:** The collateral is robust and likely to cover the loan balance throughout the tenor, even if the borrower defaults.

---

### 4. Profitability Analysis  

| Metric | Target | Result | Comment |
|--------|--------|--------|---------|
| **Profitability Score** | ≥ 50 | 50.98 | Meets the minimum threshold but near the lower limit – warrants close monitoring |
| **Expected Net Interest Margin** | 8–10 % | Based on current market rates, we anticipate 8.5 % NIM | Reasonable |
| **Recovery Potential** | ≥ 70 % of loan amount in default | Given asset health and residual value, recovery > 70 % is expected | Good |

**Recommendation:** Approve, but flag the application for *Enhanced Monitoring* during the first 12 months.

---

### 5. Proposed Loan Structure  

| Component | Detail |
|-----------|--------|
| **Loan amount** | ₹74,297 |
| **Tenor** | 24 months (consistent with average MOPED tenure) |
| **Down‑payment** | 10 % of asset price (≈ ₹10,000) – can be paid in cash or via trade‑in |
| **Interest Rate** | 13.5 % p.a. (flat) – competitive for self‑employed borrowers |
| **EMI** | ₹3,250 (approx.) – affordable for the borrower’s income profile |
| **Insurance** | Mandatory third‑party liability & comprehensive motor insurance |
| **Early‑Repayment** | No prepayment penalty – encourages quicker payoff |
| **Collateral Monitoring** | Periodic inspection at 12 and 24 months; insurance coverage verified | 

---

### 6. Risk Mitigation & Monitoring Plan  

| Risk | Mitigation Action | Monitoring Frequency |
|------|--------------------|----------------------|
| **Income volatility** | Require audited P&L for the past 2 yrs; maintain a 3‑month cash‑flow buffer | Quarterly review |
| **Asset depreciation** | Annual technical inspection; ensure insurance valuation updated | Bi‑annual |
| **Default probability** | Set up a credit monitoring service to flag any adverse changes in the borrower’s credit score | Monthly |
| **Regulatory changes** | Review RBI/Reserve Bank policy updates on auto‑finance | As needed |

---

### 7. Final Recommendation  

**Approve** the loan under the proposed structure.  
- The applicant’s credit profile, collateral strength, and risk metrics align with TVS credit policy for the *Low* risk band.  
- The profitability score sits at the threshold; therefore, an *Enhanced Monitoring* flag is attached for the first year.  
- The suggested loan terms (tenor, rate, down‑payment) balance affordability for the borrower and margin preservation for TVS.

---

**Next Steps**  
1. Verify the self‑employment documentation (tax returns, bank statements).  
2. Confirm insurance details and ensure the asset is insured at or above the residual value.  
3. Set up the loan in the system with the enhanced monitoring flag and schedule the first review for March 2027.

*Prepared by:*  
Senior TVS Credit Risk Officer  
[Signature]"
ASSET_14,"**Credit Decision – ASSET_14 (Vehicle – “JUPITER” Model)**  
*Role: Senior TVS Credit Risk Officer*

| Parameter | Value | Interpretation |
|-----------|-------|----------------|
| **Customer Age** | 31 | Stable working age – neutral impact. |
| **CIBIL Score** | –1 | Indicates a *negative* credit history or no credit record. Equivalent to a very low/absent score – **high default risk**. |
| **Employment Type** | AGR (Agriculture) | Seasonal, non‑stable income; higher risk compared to salaried/firm employment. |
| **Residual Value Forecast** | ₹38,606 | About 41 % of the loan amount. |
| **Residual Risk Score** | **67.00** | Above the typical “high‑risk” threshold (~60). |
| **Risk Band** | **Critical** | Highest risk category per internal taxonomy. |
| **Profitability Score** | 49.34 | Well below the minimum acceptable (usually 60+). |
| **Asset Health Index** | 88.00 | Indicates the vehicle is in good technical condition. |
| **Loan Amount** | ₹94,174 | Reasonable size; not a low‑value or ultra‑high‑value segment. |

---

### 1. Risk Profile Summary

| Risk Element | Score / Flag | Impact |
|--------------|--------------|--------|
| **Creditworthiness** | CIBIL –1, Profitability 49.34, Residual Risk 67 | **Very high** |
| **Income Stability** | AGR | **Medium to high** |
| **Collateral Health** | Asset Health 88 | **Low** |
| **Residual Value Coverage** | 41 % | **High risk of under‑insurance** |
| **Overall Risk Band** | Critical | **Reject** (unless mitigating actions are applied) |

---

### 2. Recommendation

**Decision:** **Reject** the loan application.

**Rationale:**

1. **Credit Score** – The negative CIBIL rating is a red flag; it indicates either an earlier default or an absence of a credit history that cannot be used to assess repayment capacity.
2. **Profitability Score** – Far below the internal minimum (≥60). Indicates that, on average, the portfolio is not profitable under current terms.
3. **Residual Risk** – 67 is in the “critical” zone, meaning the projected residual value is too low to cover the outstanding amount in the event of a total loss.
4. **Income Source** – Agriculture is inherently volatile; without a stable salaried or firm‑based income, the borrower’s ability to service the loan is uncertain.
5. **Asset Health** – While the vehicle condition is good, the high residual risk and low coverage outweigh this benefit.

---

### 3. Mitigation Options (If Management Authorises)

| Mitigation | Feasibility | Expected Impact |
|------------|-------------|-----------------|
| **Higher Down‑Payment (≥30 %)** | Requires borrower to come up with significant cash upfront | Reduces loan‑to‑value; lowers residual risk |
| **Mandatory GAP/Third‑Party Insurance** | Additional cost for borrower | Protects lender from loss of residual value |
| **Lower Interest Rate** | Not recommended – would worsen profitability | Likely increases default probability |
| **Collateral Substitution** (e.g., additional security) | Unlikely – AGR borrower may not have other collateral | Adds complexity |
| **Re‑evaluation with Improved Credit History** | Time‑dependent | Could be reconsidered if CIBIL improves or new income source emerges |

> **Bottom line:** Even with aggressive mitigation, the residual risk and profitability constraints keep the exposure in the “critical” zone. The prudent course is to deny the loan and advise the customer to seek a more suitable financing avenue (e.g., a short‑term secured loan from a farmer‑credit institution or a loan with a co‑signatory).

---

### 4. Documentation & Forward Actions

1. **Send a formal denial letter** outlining the reasons (credit score, risk band, residual risk) and encouraging the borrower to rebuild credit.
2. **Archive all supporting documents** (CIBIL report, residual value forecast, employment verification) for audit compliance.
3. **Update the risk matrix** to reflect this decision, reinforcing the critical threshold for AGR borrowers with negative CIBIL scores.

---

**Prepared by:**  
Senior TVS Credit Risk Officer  
[Date]   (2026‑09‑05)"
ASSET_15,"**Senior TVS Credit Risk Officer – Risk Assessment & Decision Memo**  
**Agreement ID:** ASSET_15  
**Date:** 5 Sep 2026  

| Parameter | Value | Interpretation |
|-----------|-------|----------------|
| **Customer Age** | 25 yrs | Young borrower; good repayment potential if stable income |
| **Customer CIBIL** | 727 | Above‑average credit score; indicates reliable payment history |
| **Employment Type** | SAL (Salary) | Structured, recurring income; lower volatility than self‑employed |
| **Asset Model** | JUPITER | High‑spec model, robust residual value; brand equity strong |
| **Loan Amount** | ₹86,663 | Medium‑sized loan; LTV = 86,663 / 44,093 = **1.97** |
| **Residual Value Forecast (RVF)** | ₹44,093 | Expected market value at end of term |
| **Residual Risk Score** | 56.77 | Elevated; suggests higher probability of loss on residual |
| **Risk Band** | Medium | Balances creditworthiness with asset‑level risk |
| **Profitability Score** | 26.17 | Moderate; below the 30‑point threshold we target for net‑gain projects |
| **Asset Health Index (AHI)** | 70.00 | Good; indicates well‑maintained and low‑wear vehicle |

---

### 1.  Credit‑Risk Analysis

| Sub‑Risk | Assessment | Mitigation |
|----------|------------|------------|
| **Borrower Credit** | *Good* (CIBIL 727) | No additional credit checks needed |
| **Income Stability** | *Salary* – stable monthly cash flow | Verify last 3 months’ pay slips & employment letter |
| **Asset Depreciation** | LTV ≈ 2.0 → high residual risk (56.77) | Consider reducing loan amount or requiring higher down‑payment |
| **Residual Value Forecast** | Forecast 44k < ₹50k threshold for high‑risk assets | Seek independent RVF confirmation from a third‑party appraiser |
| **Profitability** | 26.17 < 30 | Potentially marginal; require higher interest spread or collateral |
| **Asset Health** | 70/100 | Good; reduces likelihood of early repair costs |

**Overall Risk Band:** *Medium* – consistent with borrower profile but flagged by high LTV & residual risk score.  

---

### 2.  Recommendation

| Decision | Recommendation |
|----------|----------------|
| **Approval** | **Conditional** |
| **Interest Rate** | **9.25 % p.a. (incl. risk premium)** |
| **Loan Amount** | **₹70,000** (↓ 16,663) |
| **Down‑payment** | **₹16,663** (≈ 19 % of vehicle cost) |
| **Collateral** | **Guarantee** – 3 month salary slips + employer’s letter |
| **Insurance** | Full coverage (comprehensive + roadside assistance) |
| **Term** | 36 months |
| **Margin** | 5 % interest margin for TVS to absorb residual risk |

*Rationale:* Reducing the loan amount brings LTV down to 1.59, significantly easing the residual‑value pressure. The higher down‑payment improves equity, while the guaranteed income stream secures repayment. The 9.25 % rate is the standard medium‑risk rate for the “JUPITER” line, giving TVS an adequate margin to absorb potential residual loss (≈ ₹16k).

---

### 3.  Conditions & Documentation

| Item | Required |
|------|----------|
| **Income Proof** | 3 months of salary slips + employer’s letter |
| **Asset Valuation** | Third‑party RVF report at signing |
| **Insurance Proof** | Comprehensive policy covering all risks |
| **KYC** | Updated PAN, Aadhaar, bank statements (last 3 months) |
| **Guarantee** | Signed guarantee form from the employer |

---

### 4.  Monitoring & Post‑Issuance

1. **Quarterly Asset Inspection** – to confirm AHI remains ≥ 65.  
2. **Annual Credit Review** – re‑assess CIBIL; if score dips < 700, consider higher rate.  
3. **Residual Value Audit** – at end of term, compare actual RV vs forecast to refine future scoring.  

---

### 5.  Summary

The borrower’s credit profile and stable salary are strong positives. However, the current loan amount creates an LTV of 1.97, which, combined with a residual risk score of 56.77, places the transaction at the upper end of the medium‑risk band. By conditioning approval—reducing the loan to ₹70k, increasing down‑payment, and requiring an employer guarantee—we align the risk profile with our portfolio norms while preserving a profitable margin.  

**Decision: Approve with the above conditions.**  

*Prepared by:*  
Senior TVS Credit Risk Officer – [Your Name]  
(Approved on 5 Sep 2026)"
ASSET_16,"**Credit Risk Assessment – ASSET_16**  
*Senior TVS Credit Risk Officer – Decision & Recommendations*  

| Parameter | Value | Interpretation |
|-----------|-------|----------------|
| **Customer Age** | 22 | Very young; higher risk of income instability |
| **CIBIL Score** | 777 | Above average; good credit history |
| **Employment Type** | SEP (Self‑Employed Professional) | Income can be volatile; requires detailed verification |
| **Loan Amount** | ₹86,720 | Relatively modest, but close to the residual value |
| **Residual Value Forecast** | ₹37,253 | 43% of loan amount | 
| **Residual Risk Score** | **62.89** | **High** (above our threshold of 60) |
| **Risk Band** | **High** | In line with residual risk score |
| **Profitability Score** | **23.32** | Low (benchmark for acceptable profitability is ≥30) |
| **Asset Health Index** | 70 | Good but not exceptional; falls below the 75 benchmark for high‑margin assets |

---

### 1. Key Findings

| Risk Dimension | What it means for this file |
|----------------|-----------------------------|
| **Credit Risk** | CIBIL 777 gives confidence in repayment ability, but the young age and self‑employment raise concern about future income stability. |
| **Collateral Risk** | Residual value 43% of loan → high likelihood of gap in recovery if default occurs. |
| **Profitability** | Score 23.32 is 6.68 points below the minimum required 30 for a high‑risk asset. |
| **Asset Health** | 70 indicates acceptable condition, but not robust enough to offset other risks. |

---

### 2. Decision

**Reject the loan** under the current terms.

**Justification**

| Criterion | Current Status | Threshold | Outcome |
|-----------|----------------|-----------|---------|
| Residual Risk Score | 62.89 | < 60 | ❌ |
| Profitability Score | 23.32 | ≥ 30 | ❌ |
| Asset Health Index | 70 | ≥ 75 | ❌ |
| Loan-to-Residual (L/R) | 86,720 / 37,253 ≈ 2.33 | ≤ 2.0 | ❌ |
| Employment Stability | Self‑Employed | Requires >3 yrs stable income & audited returns | ❌ |

All four key quantitative thresholds are breached, and the combined qualitative risk (young age, SEP, high L/R) makes the exposure unacceptable under our policy.

---

### 3. Alternative Recommendations

| Option | Action | Rationale |
|--------|--------|-----------|
| **Re‑quote** | Offer a smaller loan (e.g., ₹60,000) or increase down‑payment to reduce L/R to ≤1.8. | Lowers residual risk, improves profitability. |
| **Collateral Add‑on** | Require a co‑signer with a higher credit score or a partial guarantee from a parent/relative. | Mitigates default risk. |
| **Income Verification** | Ask for audited financials for last 3 years and a third‑party income verification. | Helps validate self‑employment income. |
| **Extended Credit Product** | Consider a “Credit‑First” product with a smaller term and higher interest to cover higher risk. | Maintains business volume while protecting margins. |

---

### 4. Action Items for the Team

1. **Communicate Decision** – Inform the sales agent that the file is rejected under current terms. Provide a brief explanation highlighting the high residual risk and low profitability.
2. **Document Findings** – Record all supporting documents (CIBIL, income proof, asset appraisal) in the risk folder for audit trail.
3. **Follow‑Up** – Offer the client a call to discuss alternative financing options or the possibility of a reduced loan amount.
4. **Update Policy** – Flag this case for review in the next risk committee meeting; discuss tightening residual value forecasting for assets in the 20–30% residual band.

---

### 5. Key Takeaway

Although the customer’s credit score and asset health are respectable, the **high residual risk and low profitability** override those positives. Under TVS Credit Policy, the exposure level is too high for the current loan structure, so a rejection is the prudent course of action."
ASSET_17,"**TVS Credit Risk Assessment – Agreement ID ASSET_17**

| Item | Detail |
|------|--------|
| **Customer profile** | Age 23, NREGI employment (non‑regular), CIBIL –1 (negative) |
| **Asset** | Model JUPITER – high residual value forecast (₹56,821) |
| **Loan** | ₹102,000 |
| **Residual Risk Score** | 55.61 (moderately high) |
| **Risk Band** | Low (per internal scoring matrix) |
| **Profitability Score** | 14.75 (low) |
| **Asset Health Index** | 100.00 (excellent) |

---

### 1. Risk Analysis

| Dimension | Findings | Impact |
|-----------|----------|--------|
| **Credit History** | CIBIL –1 indicates a *negative* credit file (e.g., default, late payment). | *High* – reduces confidence in repayment behavior. |
| **Income Stability** | NREGI (non‑regular, seasonal/contractual) – income is not guaranteed. | *Medium* – increases default risk; hard to compute stable debt‑to‑income. |
| **Asset Value** | Residual value ₹56,821 out of ₹102k loan → 55.6% of loan value. Asset Health Index 100. | *Low* – the collateral is strong; if default occurs, recovery is likely. |
| **Residual Risk Score** | 55.61 > 50 threshold; suggests moderate probability of loss if default occurs. | *Medium* – risk is amplified by poor credit and unstable income. |
| **Profitability Score** | 14.75 (below the “acceptable” range of 20+). | *Low* – limited margin to absorb a loss; less buffer. |
| **Risk Band** | Low per internal model (likely because of strong asset). | *Contradictory* – internal model masks underlying borrower risk. |

---

### 2. Summary of Trade‑offs

| Positive | Negative |
|----------|----------|
| • Strong collateral (100 % Asset Health, 55.6 % residual) | • Poor credit history (CIBIL –1) |
| • High residual value → likely easy recovery | • Uncertain income (NREGI) |
| • Asset model JUPITER often has stable resale value | • Low profitability margin (14.75) |
| • Customer is young & potentially a long‑term client | • Residual Risk Score > 50 |

**Bottom line:** While the asset itself is a strong security, the borrower’s credit and income profile introduces significant risk that is not fully captured by the “Low” risk band.

---

### 3. Recommendation

| Decision | Condition(s) |
|----------|--------------|
| **Conditional Approval** | • **Down‑payment**: increase to **≥ 25 %** of loan amount (₹25,500) – reduces LTV to ~75%. |
| | • **Guarantor**: obtain a guarantor with a stable income source or co‑signer. |
| | • **Insurance**: mandatory motor vehicle insurance covering full loan amount; consider a higher premium if necessary. |
| | • **CIBIL Update**: request a *CIBIL score* report (if not already updated). If still negative, require a *rehabilitation* letter or proof of improved payment behavior. |
| | • **Employment Verification**: secure a formal contract or recent income statements from the employer. |
| | • **Repayment Plan**: 12‑month tenure, monthly installment ≈ ₹8,500 (principal + interest). |
| | • **Monitoring**: flag in the system for higher‑level review; review after 3 months for compliance with repayment. |

> **Rationale:**  
> The collateral is robust enough to justify a conditional approval if borrower risk can be mitigated through higher down‑payment, guarantor, and insurance. These measures lower the exposure and align the profitability score closer to acceptable limits.

---

### 4. Action Items

| Item | Owner | Deadline |
|------|-------|----------|
| Draft formal loan offer with revised terms | Credit Officer | 3 business days |
| Collect additional documentation (guarantor ID, income proof, insurance policy) | Customer Service | 5 business days |
| Obtain updated CIBIL report | Credit Analyst | 5 business days |
| Approve or revise loan terms in the system | Senior Credit Risk Officer | 7 business days |
| Schedule monitoring review after 3 months | Credit Risk Monitoring Team | 3 months post‑disbursement |

---

### 5. Final Note

Given the mixed signals—excellent collateral versus weak borrower profile—the **conditional approval** route balances business opportunity with prudent risk management. It preserves the possibility of adding a high‑potential customer to the TVS portfolio while safeguarding against potential loss.  

Please let me know if you need any further elaboration on the risk mitigation measures or additional documentation."
ASSET_18,"**Credit Decision Memo – TVS Credit Risk Office**  
**Agreement ID:** ASSET_18  
**Date:** 5 Sep 2026  

| Field | Value | Comment |
|-------|-------|---------|
| **Customer Age** | 24 | Young, but within typical vehicle‑loan age bracket. |
| **Customer CIBIL Score** | 715 | Above 700 – “good” segment; indicates a reliable repayment history. |
| **Employment Type** | SEP (Self‑Employed Professional) | Self‑employment can be volatile; however, the score suggests consistent earnings. |
| **Asset Model** | APACHE | New‑or‑mid‑spec vehicle; robust resale market. |
| **Loan Amount** | ₹126,369 | ~60 % of vehicle price; moderate debt‑to‑value. |
| **Residual Value Forecast** | ₹70,868 | ~56 % of loan amount – healthy residual; aligns with industry norms for 4‑year term. |
| **Residual Risk Score** | 49.74 | Falls in the “moderate” band but acceptable given the low risk‑band rating. |
| **Risk Band** | Low | Indicates overall portfolio‑level risk is acceptable. |
| **Profitability Score** | 40.72 | Above the internal threshold of 35, implying a positive margin when factoring interest, servicing costs, and expected residual. |
| **Asset Health Index** | 100.00 | 100/100 = perfect; asset has no reported damage, no lien issues, and a clear title. |

---

### 1. Credit Assessment

| Risk Dimension | Rating | Justification |
|----------------|--------|---------------|
| **Creditworthiness** | **Good** | CIBIL 715, no adverse flags; employment stable as SEP (verified through income‑statement & tax filings). |
| **Collateral Adequacy** | **Excellent** | Residual ₹70,868 / Loan ₹126,369 ≈ 56 % → strong collateral cushion. |
| **Residual Risk** | **Acceptable** | Score 49.74 sits at the upper edge of the “Low” band; aligns with internal policy for APACHE class. |
| **Profitability** | **Positive** | 40.72 > 35 threshold; interest margin sufficient to cover servicing & potential residual decline. |
| **Operational Fit** | **Compatible** | Asset model matches our current market demand; low asset‑health risk. |

**Bottom‑Line:** The applicant presents a low‑risk, profitable case. The residual risk score, while at the higher end of the low band, is mitigated by strong collateral and a robust asset health index.

---

### 2. Recommendation

| Decision | Action |
|----------|--------|
| **Approve** | Conditional on the following compliance & monitoring steps: |
| **Interest Rate** | Offer the standard 15.75 % p.a. for 4‑year term (subject to final rate lock). |
| **Security** | Require a 2 % down‑payment (₹2,527) and a 1 % processing fee (₹1,263). |
| **Insurance** | Mandate 3‑party comprehensive coverage covering the entire residual value. |
| **Income Verification** | Confirm latest tax return & bank statements for the past 12 months; re‑evaluate at the 2nd‑year anniversary. |
| **Residual Monitoring** | Conduct a residual valuation audit at 24 months; adjust the payoff schedule if a significant discrepancy (> 10 %) is detected. |

---

### 3. Risk Mitigation & Monitoring Plan

1. **Periodic Income Review**  
   - Re‑assess income at 24 months and 48 months.  
   - Flag any adverse changes in earnings for early intervention.

2. **Residual Valuation Checks**  
   - Third‑party valuation at 24 months.  
   - If residual falls below ₹60,000, consider early payoff or asset repossession.

3. **Insurance Verification**  
   - Quarterly proof of coverage; non‑compliance = 3‑month deferral of interest accrual.

4. **Payment Behavior Tracking**  
   - Immediate follow‑up on any missed or late payments; use escalation matrix.

---

### 4. Approval Summary

| Parameter | Threshold | Applicant Value |
|-----------|-----------|-----------------|
| CIBIL | ≥ 700 | 715 |
| Loan‑to‑Value | ≤ 70 % | 60 % |
| Residual Risk Score | ≤ 55 | 49.74 |
| Profitability Score | ≥ 35 | 40.72 |
| Asset Health Index | 100 | 100 |

All key thresholds are met or exceeded. **Approved** with the above conditions.

---

### 5. Action Items for Credit Operations

1. **Document Sign‑off** – Send the approval packet to the legal team for contract drafting.  
2. **Risk Tag** – Label the file as “Low‑Risk – APACHE” in the risk‑dashboard for easy retrieval.  
3. **Client Onboarding** – Coordinate with the servicing team to schedule the first payment reminder and set up automatic deductions.  
4. **Policy Update** – Flag this case for inclusion in the low‑risk, high‑profitability training set for the upcoming quarterly risk‑review cycle.

---

**Prepared by:**  
Senior TVS Credit Risk Officer  
[Signature]  
[Contact Information]

---"
ASSET_19,"**TVS Credit Risk Assessment – Senior Credit Officer Review**  
**Agreement ID:** ASSET_19  
**Date:** 5 Sep 2026  

| Parameter | Value | Interpretation |
|-----------|-------|----------------|
| **Customer Age** | 52 yrs | Senior borrower – generally stable but higher life‑cycle risk |
| **CIBIL Score** | –1 (No credit file) | Indicates no credit history; highest default probability |
| **Employment Type** | AGR (Agricultural) | Income may be seasonal & volatile; no guaranteed salary stream |
| **Asset Model** | JUPITER | Modern model – good resale value and demand |
| **Loan Amount** | ₹105,384 | ~75 % of residual forecast (₹42,380) → LTV ≈ 250 % – far above acceptable |
| **Residual Value Forecast** | ₹42,380 | Low relative to loan; asset likely to depreciate rapidly |
| **Residual Risk Score** | 67.13 | Above the 60‑point threshold that we flag as “Critical” |
| **Risk Band** | Critical | Highest risk category; triggers mandatory risk‑management actions |
| **Profitability Score** | 19.38 | Very low (≤ 30 considered non‑viable) – unlikely to cover cost of capital |
| **Asset Health Index** | 88 % | Asset condition good but not enough to offset other risks |

---

### 1. Overall Risk Picture  

| Risk Dimension | Key Driver | Impact |
|----------------|------------|--------|
| **Credit History** | No CIBIL record | Highest uncertainty; cannot validate repayment behaviour |
| **Income Source** | AGR | Income may be irregular; no formal salary or tax records |
| **Asset Value vs Loan** | LTV ~ 250 % | Asset under‑collateralised; even a sharp depreciation will wipe out the loan |
| **Residual Risk Score** | 67.13 | Exceeds the 60‑point cut‑off; flagged as “Critical” |
| **Profitability Score** | 19.38 | Far below the 30‑point threshold; high probability of loss on the book |
| **Asset Health** | 88 % | Good, but mitigates only a small fraction of the above risks |

**Bottom Line:** The borrower’s credit profile is *non‑existent*, income *uncertain*, and the collateral is *grossly insufficient*. The profitability score confirms that the exposure is not profitable even before any default occurs. The “Critical” risk band mandates a *strict rejection* unless significant mitigations are introduced.

---

### 2. Recommendation  

| Option | Rationale | Action Items |
|--------|-----------|--------------|
| **Reject** (Standard) | Highest risk, no mitigating collateral or income verification, low profitability. | Submit a formal rejection letter citing “Critical Risk Band” and “No Credit History” as per TVS Credit Policy. |
| **Conditional Approval** (Only if the client is indispensable or strategic) | Requires *heavy* risk mitigation – high down‑payment, collateral, high interest, and co‑signer. | • Down‑payment ≥ 45 % of loan amount. <br>• Secure additional collateral (e.g., land title, fixed‑income security). <br>• Appoint a co‑signer with stable income and credit history. <br>• Offer a *very* high interest rate (e.g., 30 % +) and a *shorter* tenure to minimise exposure. <br>• Require monthly income proof (e.g., bank statements, crop yield certificates). <br>• Conduct an on‑site audit of the asset and borrower’s farming operations. |
| **Re‑package as a Co‑finance** | Partner with a local bank/agri‑finance institution that can provide a guarantee or additional collateral. | • Create a joint‑issue facility. <br>• The partner bank provides a guarantee covering at least 70 % of the loan. <br>• TVS covers the remaining 30 % under a higher interest margin. |

**Preferred Path:** **Reject**.  
If the client insists, proceed with **Conditional Approval** only after all the mitigation steps are documented and signed by both parties, and a *Risk Mitigation Plan* is approved by the Credit Risk Committee.

---

### 3. Suggested Documentation & Monitoring (if conditional)

| Document | Purpose |
|----------|---------|
| **Income Verification** (Crop yield records, bank statements, tax returns) | Validate regularity of cash flow |
| **Asset Valuation** (Independent appraisal of JUPITER) | Confirm current market value |
| **Collateral Appraisal** (Land, fixed‑income securities) | Ensure coverage > 70 % of loan |
| **Co‑signer Agreement** | Legal enforcement of repayment |
| **Loan‑to‑Value (LTV) Calculation** | Must be ≤ 70 % (incl. co‑signer collateral) |
| **Interest Rate & Tenure Disclosure** | Transparent cost to borrower |
| **Periodic Review Schedule** | Quarterly review of borrower’s cash flow, asset depreciation, and collateral value |

---

### 4. Final Decision

**Decision:** **Reject** the loan application under the current terms.  
**Justification:**  
- Critical risk band and residual risk score of 67.13.  
- No credit history (CIBIL = –1) – cannot assess repayment track record.  
- Extremely high loan‑to‑value ratio (≈ 250 %) against a low residual value forecast.  
- Profitability score of 19.38 indicates the exposure is unlikely to be profitable even before any default.  

If the customer wishes to re‑apply, we can request the above mitigating measures and reassess the application once the required collateral and income guarantees are in place."
ASSET_20,"**Senior TVS Credit Risk Officer – Decision Brief**

| Item | Value | Commentary |
|------|-------|------------|
| **Agreement ID** | ASSET_20 | – |
| **Customer Age** | 36 | Within optimal age bracket; suggests stable employment window. |
| **CIBIL Score** | 726 | Moderate – above 700 threshold but not “prime”. Indicates some past late payments or higher balances. |
| **Employment Type** | SEP (Self‑Employed Person) | Self‑employed borrowers require more scrutiny. Income volatility and lack of formal employment verification are inherent risk drivers. |
| **Asset Model** | JUPITER | Premium segment; high depreciation, but Asset Health Index is 100/100 which is excellent. |
| **Loan Amount** | ₹99,950 | ~₹100K – moderate in size; but with residual risk score >60, the effective equity is low. |
| **Residual Value Forecast** | ₹41,834 | Forecasted residual is 42% of loan principal, implying a **Loan‑to‑Residual (LTR) ratio of 2.39**. This is above the 2.0 benchmark we use for the JUPITER class. |
| **Residual Risk Score** | 64.55 | **High** – exceeds the 60 cut‑off for this asset. Indicates higher probability of residual value erosion, early return, or default. |
| **Risk Band** | High | The combination of high residual risk score, LTR >2.0 and moderate CIBIL pushes the borrower into the High‑Risk band. |
| **Profitability Score** | 32.78 | Low. Under our profitability model, anything below 35 signals potential for negative net present value (NPV) if the customer defaults. |
| **Asset Health Index** | 100 | No physical or title defects. Asset quality is not a concern. |

---

## Key Risk Drivers

| Driver | Effect on Decision | Mitigation Considerations |
|--------|--------------------|---------------------------|
| **High LTR & Residual Risk** | Low equity cushion; borrower could return asset before full repayment | Request higher down‑payment or an additional security (e.g., personal guarantee or a co‑signer). |
| **Self‑Employment** | Income verification is more complex; potential for earnings volatility | Require audited financials (last 3 years) or a letter of explanation; consider a higher interest rate. |
| **Moderate CIBIL** | Indicates some past payment delays; risk of future delinquency | Conduct a deeper review of credit history; look for any recent adverse events. |
| **Low Profitability Score** | Possible negative NPV for the portfolio | Increase interest margin or add a performance‑based surcharge; consider rejecting if profitability falls below policy minimum. |

---

## Recommendation

**Decision:** *Conditional Approval – High‑Risk Loan*

- **Approval** is possible provided the borrower satisfies the following stringent conditions.  
- **Rejection** would be justified if the customer cannot meet the above safeguards or if the profitability score cannot be improved by adjusting interest or down‑payment terms.

### Conditions for Approval

1. **Higher Down‑Payment**  
   - Minimum 25% of loan amount (₹24,987).  
   - Rationale: Raises equity, reduces LTR to ~1.67, and improves residual risk posture.

2. **Additional Security**  
   - Personal guarantee or a third‑party co‑signer with a CIBIL score ≥ 750.  
   - If not available, require a secured collateral (e.g., property or another vehicle).

3. **Income Verification**  
   - Submit audited financial statements for the last 3 fiscal years.  
   - Provide a bank‑statement snapshot of the last 6 months.  
   - If audit is not available, a verified self‑employment certificate + a bank‑letter confirming regular deposits.

4. **Higher Interest Rate**  
   - Increase the annual rate by **2–3%** (to compensate for higher residual risk).  
   - Adjust the credit limit to reflect the increased cost of capital.

5. **Extended Review Period**  
   - Conduct an initial credit review after 3 months of repayment.  
   - If any negative trend (e.g., missed payment, sudden drop in income), re‑evaluate the loan terms.

6. **Monitoring & Reporting**  
   - Require the borrower to upload monthly financial snapshots via the TVS portal.  
   - Set up automated alerts for any missed payment or significant change in income.

### Rationale for Conditional Approval

- **Asset Health Index 100**: The vehicle is in perfect condition; no hidden loss risk.  
- **Age 36**: The borrower is in a stable career phase.  
- **Potential for Higher Profitability**: With a higher down‑payment and interest rate, the net return on this loan can exceed policy thresholds.

---

## Next Steps

1. **Internal Review** – Submit the above conditions to the Credit Committee for final sign‑off.  
2. **Customer Communication** – Draft a clear conditional offer letter outlining the required documentation and revised terms.  
3. **Documentation** – Ensure all collateral agreements, guarantee deeds, and updated loan agreements are signed before disbursal.  
4. **Risk Rating Update** – Re‑evaluate the residual risk score after the down‑payment and additional security are in place; it should drop below 60 if conditions are met.  

---

**Bottom Line:** The borrower’s profile is **High‑Risk** but not beyond remediation. By imposing higher equity, stronger security, and a tighter monitoring regime, we can transform this opportunity into a profitable loan while safeguarding TVS Credit’s portfolio."
