iter	Passed	Remaining
0	66	66923
1	76	37955
2	85	28534
3	94	23522
4	103	20561
5	112	18601
6	121	17165
7	130	16198
8	138	15290
9	147	14645
10	156	14064
11	165	13652
12	175	13347
13	184	13007
14	192	12614
15	201	12365
16	209	12136
17	219	11971
18	229	11859
19	237	11637
20	244	11414
21	253	11283
22	263	11213
23	272	11076
24	280	10953
25	290	10893
26	299	10785
27	309	10749
28	317	10639
29	326	10541
30	334	10456
31	343	10382
32	351	10297
33	359	10217
34	369	10175
35	378	10142
36	387	10077
37	396	10038
38	406	10007
39	413	9926
40	422	9889
41	431	9832
42	439	9789
43	449	9759
44	457	9710
45	467	9702
46	476	9661
47	486	9655
48	496	9637
49	507	9644
50	516	9616
51	524	9560
52	533	9529
53	543	9513
54	552	9494
55	560	9452
56	571	9453
57	578	9393
58	589	9401
59	600	9406
60	610	9399
61	620	9393
62	631	9394
63	640	9370
64	651	9372
65	661	9356
66	670	9337
67	680	9332
68	690	9322
69	699	9296
70	709	9278
71	717	9246
72	728	9247
73	737	9232
74	746	9208
75	755	9187
76	765	9172
77	772	9130
78	781	9108
79	789	9079
80	798	9055
81	807	9044
82	816	9025
83	826	9011
84	834	8984
85	843	8968
86	851	8937
87	860	8920
88	869	8897
89	877	8877
90	888	8871
91	898	8867
92	907	8847
93	916	8837
94	925	8818
95	935	8805
96	946	8807
97	955	8796
98	966	8795
99	975	8782
100	984	8759
101	988	8706
102	998	8698
103	1007	8678
104	1017	8673
105	1025	8649
106	1035	8644
107	1045	8633
108	1054	8621
109	1064	8615
110	1074	8606
111	1084	8600
112	1094	8588
113	1102	8565
114	1110	8546
115	1121	8543
116	1129	8526
117	1140	8522
118	1150	8514
119	1157	8486
120	1166	8475
121	1175	8461
122	1185	8451
123	1192	8427
124	1202	8414
125	1210	8398
126	1220	8391
127	1230	8382
128	1239	8366
129	1248	8354
130	1256	8333
131	1265	8319
132	1274	8305
133	1282	8290
134	1285	8237
135	1293	8219
136	1302	8207
137	1311	8192
138	1320	8177
139	1329	8168
140	1339	8162
141	1348	8148
142	1355	8120
143	1364	8111
144	1372	8092
145	1381	8081
146	1390	8069
147	1399	8059
148	1409	8048
149	1418	8038
150	1427	8028
151	1435	8008
152	1443	7991
153	1451	7972
154	1461	7965
155	1470	7953
156	1478	7940
157	1487	7924
158	1495	7911
159	1505	7902
160	1515	7897
161	1523	7881
162	1533	7875
163	1540	7854
164	1548	7837
165	1557	7822
166	1566	7814
167	1578	7817
168	1601	7874
169	1613	7876
170	1623	7872
171	1632	7857
172	1642	7851
173	1653	7847
174	1663	7840
175	1673	7835
176	1682	7824
177	1690	7807
178	1701	7804
179	1711	7798
180	1722	7792
181	1732	7784
182	1746	7796
183	1759	7804
184	1772	7809
185	1788	7825
186	1797	7813
187	1806	7801
188	1814	7787
189	1825	7783
190	1836	7777
191	1845	7765
192	1853	7749
193	1860	7729
194	1871	7724
195	1880	7713
196	1890	7704
197	1899	7693
198	1910	7688
199	1919	7679
200	1929	7671
201	1937	7656
202	1947	7647
203	1956	7632
204	1965	7622
205	1973	7608
206	1982	7593
207	1990	7581
208	1999	7566
209	2009	7558
210	2018	7549
211	2029	7544
212	2039	7537
213	2049	7525
214	2058	7515
215	2066	7500
216	2075	7489
217	2085	7482
218	2094	7470
219	2101	7450
220	2110	7437
221	2119	7428
222	2129	7420
223	2138	7407
224	2148	7399
225	2156	7385
226	2166	7377
227	2175	7367
228	2186	7360
229	2196	7352
230	2205	7342
231	2213	7326
232	2225	7326
233	2248	7360
234	2260	7358
235	2268	7344
236	2279	7337
237	2289	7328
238	2299	7320
239	2309	7313
240	2319	7304
241	2328	7294
242	2336	7280
243	2346	7268
244	2355	7260
245	2365	7251
246	2375	7241
247	2383	7227
248	2392	7214
249	2399	7198
250	2409	7190
251	2418	7177
252	2427	7167
253	2436	7156
254	2446	7147
255	2455	7135
256	2464	7124
257	2473	7112
258	2484	7106
259	2493	7095
260	2502	7086
261	2513	7078
262	2523	7070
263	2532	7060
264	2542	7052
265	2552	7043
266	2561	7031
267	2571	7022
268	2581	7014
269	2590	7005
270	2601	6996
271	2611	6989
272	2620	6978
273	2629	6968
274	2640	6961
275	2650	6953
276	2660	6944
277	2670	6936
278	2681	6930
279	2692	6922
280	2701	6912
281	2711	6903
282	2720	6892
283	2727	6876
284	2738	6871
285	2749	6864
286	2759	6856
287	2767	6843
288	2776	6831
289	2785	6819
290	2795	6810
291	2804	6799
292	2811	6784
293	2821	6774
294	2830	6763
295	2841	6758
296	2852	6751
297	2862	6742
298	2871	6733
299	2881	6723
300	2891	6714
301	2901	6706
302	2912	6698
303	2923	6692
304	2933	6683
305	2943	6675
306	2952	6664
307	2959	6649
308	2968	6637
309	2978	6630
310	2989	6622
311	2998	6612
312	3006	6598
313	3014	6585
314	3023	6574
315	3032	6564
316	3042	6554
317	3049	6540
318	3052	6516
319	3062	6507
320	3072	6498
321	3081	6489
322	3091	6479
323	3101	6470
324	3111	6461
325	3119	6450
326	3127	6436
327	3136	6426
328	3147	6419
329	3157	6411
330	3170	6408
331	3180	6400
332	3189	6387
333	3197	6376
334	3207	6366
335	3216	6356
336	3226	6348
337	3236	6338
338	3245	6327
339	3255	6318
340	3265	6310
341	3275	6301
342	3283	6288
343	3291	6276
344	3300	6266
345	3310	6257
346	3317	6243
347	3325	6230
348	3334	6219
349	3342	6207
350	3352	6198
351	3360	6186
352	3368	6174
353	3377	6162
354	3388	6155
355	3407	6163
356	3419	6158
357	3429	6150
358	3439	6140
359	3448	6130
360	3457	6120
361	3466	6110
362	3477	6102
363	3487	6093
364	3498	6087
365	3509	6079
366	3519	6071
367	3530	6063
368	3540	6054
369	3547	6040
370	3557	6031
371	3566	6020
372	3574	6008
373	3583	5997
374	3592	5988
375	3603	5979
376	3611	5968
377	3622	5961
378	3633	5953
379	3642	5942
380	3653	5935
381	3663	5926
382	3673	5918
383	3683	5909
384	3692	5899
385	3701	5887
386	3711	5878
387	3720	5868
388	3728	5857
389	3739	5849
390	3747	5837
391	3755	5824
392	3765	5816
393	3774	5805
394	3784	5796
395	3793	5786
396	3802	5775
397	3811	5764
398	3819	5752
399	3827	5741
400	3837	5731
401	3847	5723
402	3856	5712
403	3867	5705
404	3877	5697
405	3887	5687
406	3897	5678
407	3908	5670
408	3917	5660
409	3925	5648
410	3935	5639
411	3944	5629
412	3953	5618
413	3962	5609
414	3972	5599
415	3982	5590
416	3992	5581
417	4003	5574
418	4012	5564
419	4023	5556
420	4034	5548
421	4044	5540
422	4054	5530
423	4063	5520
424	4073	5510
425	4082	5500
426	4092	5491
427	4101	5481
428	4108	5468
429	4118	5459
430	4128	5449
431	4137	5439
432	4147	5431
433	4156	5421
434	4166	5411
435	4176	5402
436	4186	5393
437	4198	5386
438	4208	5378
439	4219	5369
440	4229	5361
441	4242	5356
442	4271	5371
443	4282	5362
444	4291	5351
445	4303	5345
446	4313	5336
447	4324	5328
448	4334	5319
449	4345	5310
450	4355	5301
451	4366	5294
452	4376	5284
453	4391	5281
454	4403	5274
455	4413	5264
456	4421	5253
457	4431	5243
458	4441	5234
459	4450	5224
460	4461	5215
461	4472	5208
462	4483	5200
463	4494	5192
464	4506	5184
465	4516	5175
466	4525	5165
467	4535	5155
468	4545	5146
469	4554	5135
470	4564	5126
471	4572	5114
472	4583	5106
473	4592	5096
474	4601	5085
475	4609	5074
476	4619	5065
477	4628	5054
478	4636	5042
479	4645	5033
480	4655	5023
481	4663	5011
482	4675	5004
483	4683	4993
484	4692	4982
485	4700	4970
486	4710	4962
487	4718	4950
488	4726	4938
489	4733	4927
490	4743	4917
491	4751	4905
492	4760	4895
493	4770	4886
494	4780	4876
495	4789	4867
496	4799	4857
497	4807	4845
498	4815	4834
499	4825	4825
500	4833	4814
501	4842	4803
502	4852	4794
503	4859	4782
504	4870	4773
505	4880	4765
506	4890	4755
507	4905	4750
508	4915	4741
509	4928	4734
510	4939	4726
511	4948	4716
512	4958	4707
513	4969	4698
514	4977	4687
515	4988	4679
516	4996	4668
517	5006	4658
518	5017	4650
519	5028	4641
520	5038	4632
521	5050	4624
522	5061	4616
523	5072	4607
524	5083	4599
525	5095	4591
526	5105	4582
527	5115	4572
528	5123	4562
529	5131	4551
530	5142	4541
531	5151	4532
532	5160	4521
533	5170	4512
534	5179	4502
535	5187	4490
536	5197	4480
537	5206	4471
538	5215	4460
539	5224	4450
540	5234	4440
541	5242	4430
542	5251	4419
543	5260	4409
544	5267	4398
545	5277	4388
546	5288	4379
547	5296	4368
548	5304	4358
549	5312	4346
550	5321	4336
551	5330	4326
552	5339	4315
553	5348	4305
554	5359	4297
555	5370	4288
556	5378	4278
557	5387	4267
558	5396	4257
559	5403	4245
560	5415	4237
561	5425	4228
562	5432	4216
563	5461	4221
564	5471	4212
565	5483	4204
566	5492	4194
567	5502	4185
568	5510	4174
569	5520	4164
570	5528	4153
571	5539	4144
572	5546	4133
573	5554	4121
574	5564	4112
575	5574	4103
576	5585	4095
577	5596	4086
578	5606	4076
579	5615	4066
580	5622	4054
581	5633	4045
582	5644	4037
583	5652	4026
584	5663	4017
585	5675	4009
586	5688	4002
587	5705	3997
588	5722	3993
589	5734	3984
590	5746	3976
591	5756	3967
592	5767	3958
593	5778	3949
594	5790	3941
595	5802	3933
596	5814	3925
597	5825	3916
598	5838	3908
599	5847	3898
600	5856	3888
601	5867	3879
602	5877	3869
603	5906	3872
604	5926	3869
605	5941	3862
606	5950	3852
607	5958	3841
608	5968	3832
609	5978	3822
610	5988	3812
611	5997	3802
612	6007	3792
613	6016	3782
614	6027	3773
615	6037	3763
616	6048	3754
617	6058	3744
618	6068	3735
619	6079	3725
620	6085	3714
621	6094	3703
622	6105	3694
623	6114	3684
624	6123	3674
625	6132	3663
626	6142	3654
627	6151	3643
628	6161	3634
629	6170	3624
630	6179	3613
631	6189	3603
632	6199	3594
633	6209	3584
634	6220	3575
635	6228	3564
636	6237	3554
637	6245	3543
638	6256	3534
639	6266	3524
640	6275	3514
641	6284	3504
642	6294	3494
643	6304	3485
644	6314	3475
645	6324	3465
646	6334	3455
647	6342	3445
648	6350	3434
649	6360	3424
650	6367	3413
651	6378	3404
652	6387	3394
653	6399	3385
654	6409	3375
655	6418	3365
656	6427	3355
657	6438	3346
658	6448	3336
659	6457	3326
660	6466	3316
661	6476	3306
662	6487	3297
663	6496	3287
664	6504	3276
665	6513	3266
666	6523	3256
667	6533	3247
668	6543	3237
669	6553	3227
670	6562	3217
671	6572	3207
672	6580	3197
673	6589	3187
674	6598	3176
675	6608	3167
676	6617	3157
677	6627	3147
678	6636	3137
679	6645	3127
680	6655	3117
681	6665	3108
682	6675	3098
683	6685	3088
684	6694	3078
685	6704	3068
686	6715	3059
687	6725	3049
688	6734	3040
689	6743	3029
690	6753	3020
691	6762	3009
692	6770	2999
693	6781	2989
694	6789	2979
695	6796	2968
696	6805	2958
697	6814	2948
698	6826	2939
699	6834	2929
700	6842	2918
701	6852	2908
702	6861	2898
703	6869	2888
704	6877	2877
705	6885	2867
706	6893	2857
707	6902	2846
708	6913	2837
709	6925	2828
710	6932	2817
711	6942	2808
712	6952	2798
713	6961	2788
714	6971	2778
715	6980	2768
716	6989	2758
717	7001	2749
718	7011	2740
719	7023	2731
720	7033	2721
721	7043	2712
722	7055	2703
723	7065	2693
724	7074	2683
725	7086	2674
726	7096	2664
727	7107	2655
728	7119	2646
729	7129	2636
730	7140	2627
731	7148	2617
732	7158	2607
733	7170	2598
734	7179	2588
735	7189	2578
736	7196	2568
737	7207	2558
738	7217	2549
739	7226	2539
740	7235	2528
741	7245	2519
742	7255	2509
743	7265	2499
744	7274	2490
745	7284	2480
746	7293	2470
747	7302	2460
748	7312	2450
749	7322	2440
750	7331	2430
751	7341	2420
752	7350	2411
753	7358	2400
754	7368	2390
755	7376	2380
756	7385	2370
757	7394	2360
758	7405	2351
759	7415	2341
760	7423	2331
761	7432	2321
762	7442	2311
763	7450	2301
764	7457	2291
765	7467	2281
766	7477	2271
767	7486	2261
768	7495	2251
769	7505	2241
770	7513	2231
771	7522	2221
772	7532	2212
773	7542	2202
774	7552	2192
775	7561	2182
776	7570	2172
777	7581	2163
778	7591	2153
779	7601	2144
780	7610	2134
781	7619	2123
782	7629	2114
783	7639	2104
784	7649	2094
785	7658	2085
786	7667	2075
787	7674	2064
788	7685	2055
789	7695	2045
790	7704	2035
791	7715	2026
792	7724	2016
793	7734	2006
794	7745	1997
795	7754	1987
796	7764	1977
797	7773	1967
798	7781	1957
799	7790	1947
800	7799	1937
801	7811	1928
802	7820	1918
803	7831	1909
804	7842	1899
805	7853	1890
806	7863	1880
807	7874	1871
808	7883	1861
809	7891	1851
810	7902	1841
811	7911	1831
812	7921	1821
813	7932	1812
814	7943	1803
815	7954	1793
816	7964	1783
817	7973	1774
818	7983	1764
819	7992	1754
820	8001	1744
821	8011	1734
822	8021	1725
823	8031	1715
824	8041	1705
825	8050	1695
826	8060	1686
827	8071	1676
828	8084	1667
829	8094	1657
830	8104	1648
831	8115	1638
832	8125	1628
833	8135	1619
834	8145	1609
835	8156	1600
836	8165	1590
837	8175	1580
838	8183	1570
839	8192	1560
840	8203	1551
841	8213	1541
842	8221	1531
843	8230	1521
844	8241	1511
845	8252	1502
846	8261	1492
847	8269	1482
848	8279	1472
849	8286	1462
850	8295	1452
851	8305	1442
852	8316	1433
853	8325	1423
854	8336	1413
855	8345	1403
856	8354	1394
857	8362	1383
858	8370	1374
859	8381	1364
860	8390	1354
861	8399	1344
862	8409	1334
863	8419	1325
864	8430	1315
865	8438	1305
866	8447	1295
867	8455	1285
868	8465	1276
869	8475	1266
870	8485	1256
871	8495	1247
872	8505	1237
873	8515	1227
874	8525	1217
875	8536	1208
876	8547	1198
877	8556	1189
878	8567	1179
879	8577	1169
880	8587	1159
881	8597	1150
882	8606	1140
883	8617	1130
884	8628	1121
885	8638	1111
886	8648	1101
887	8658	1092
888	8669	1082
889	8677	1072
890	8687	1062
891	8697	1053
892	8706	1043
893	8717	1033
894	8727	1023
895	8737	1014
896	8748	1004
897	8756	994
898	8767	985
899	8777	975
900	8787	965
901	8797	955
902	8806	946
903	8815	936
904	8826	926
905	8834	916
906	8842	906
907	8851	896
908	8861	887
909	8869	877
910	8877	867
911	8886	857
912	8895	847
913	8904	837
914	8912	827
915	8922	818
916	8930	808
917	8939	798
918	8950	788
919	8960	779
920	8969	769
921	8976	759
922	8988	749
923	8998	740
924	9010	730
925	9019	720
926	9028	710
927	9038	701
928	9048	691
929	9058	681
930	9067	672
931	9075	662
932	9084	652
933	9094	642
934	9104	632
935	9114	623
936	9124	613
937	9133	603
938	9142	593
939	9151	584
940	9162	574
941	9172	564
942	9181	554
943	9191	545
944	9200	535
945	9209	525
946	9220	516
947	9230	506
948	9240	496
949	9248	486
950	9258	477
951	9266	467
952	9275	457
953	9284	447
954	9295	438
955	9306	428
956	9316	418
957	9326	408
958	9336	399
959	9346	389
960	9354	379
961	9363	369
962	9372	360
963	9382	350
964	9392	340
965	9400	330
966	9410	321
967	9420	311
968	9427	301
969	9437	291
970	9446	282
971	9457	272
972	9465	262
973	9476	252
974	9485	243
975	9494	233
976	9504	223
977	9514	214
978	9523	204
979	9534	194
980	9545	184
981	9555	175
982	9563	165
983	9574	155
984	9584	145
985	9594	136
986	9605	126
987	9617	116
988	9628	107
989	9640	97
990	9652	87
991	9663	77
992	9674	68
993	9686	58
994	9695	48
995	9706	38
996	9717	29
997	9726	19
998	9737	9
999	9745	0
